[2026-09-27T22:07:02.176Z] GET http://localhost:8093/ → 200 (16ms, 40197B)
[2026-09-27T22:07:02.209Z] GET http://localhost:8093/problem?format=dimacs → 200 (56ms, 32196B)
[2026-09-27T22:07:02.209Z] GET http://localhost:8093/state → 200 (55ms, 6511B)
[2026-09-27T22:07:02.209Z] GET http://localhost:8093/metrics → 200 (55ms, 411B)
[2026-09-27T22:07:03.210Z] GET http://localhost:8093/metrics → 200 (1ms, 427B)
[2026-09-27T22:07:04.210Z] GET http://localhost:8093/metrics → 200 (1ms, 377B)
[2026-09-27T22:07:05.208Z] GET http://localhost:8093/metrics → 200 (2ms, 377B)
[2026-09-27T22:07:05.209Z] GET http://localhost:8093/state → 200 (1ms, 6511B)
[2026-09-27T22:07:06.210Z] GET http://localhost:8093/metrics → 200 (6ms, 377B)
[2026-09-27T22:07:07.206Z] GET http://localhost:8093/metrics → 200 (1ms, 377B)
[2026-09-27T22:07:08.213Z] GET http://localhost:8093/metrics → 200 (3ms, 377B)
[2026-09-27T22:07:08.213Z] GET http://localhost:8093/state → 200 (3ms, 6511B)
[2026-09-27T22:07:09.207Z] GET http://localhost:8093/metrics → 200 (1ms, 377B)
[2026-09-27T22:07:10.207Z] GET http://localhost:8093/metrics → 200 (?ms, 377B)
[2026-09-27T22:07:11.226Z] GET http://localhost:8093/metrics → 200 (?ms, 377B)
[2026-09-27T22:07:11.226Z] GET http://localhost:8093/state → 200 (?ms, 6511B)
[2026-09-27T22:07:12.210Z] GET http://localhost:8093/metrics → 200 (1ms, 377B)
[2026-09-27T22:07:13.212Z] GET http://localhost:8093/metrics → 200 (?ms, 377B)
[2026-09-27T22:07:14.209Z] GET http://localhost:8093/metrics → 200 (1ms, 377B)
[2026-09-27T22:07:14.210Z] GET http://localhost:8093/state → 200 (?ms, 6511B)
[2026-09-27T22:07:15.209Z] GET http://localhost:8093/metrics → 200 (3ms, 377B)
[2026-09-27T22:07:16.220Z] GET http://localhost:8093/metrics → 200 (1ms, 377B)
[2026-09-27T22:07:17.211Z] GET http://localhost:8093/metrics → 200 (1ms, 377B)
[2026-09-27T22:07:17.212Z] GET http://localhost:8093/state → 200 (1ms, 6511B)
[2026-09-27T22:07:18.211Z] GET http://localhost:8093/metrics → 200 (2ms, 377B)
[2026-09-27T22:07:19.208Z] GET http://localhost:8093/metrics → 200 (3ms, 377B)
[2026-09-27T22:07:20.207Z] GET http://localhost:8093/metrics → 200 (2ms, 377B)
[2026-09-27T22:07:20.208Z] GET http://localhost:8093/state → 200 (1ms, 6511B)
[2026-09-27T22:07:21.210Z] GET http://localhost:8093/metrics → 200 (8ms, 377B)
[2026-09-27T22:07:22.207Z] GET http://localhost:8093/metrics → 200 (?ms, 377B)
[2026-09-27T22:07:23.209Z] GET http://localhost:8093/metrics → 200 (?ms, 377B)
[2026-09-27T22:07:23.209Z] GET http://localhost:8093/state → 200 (?ms, 6511B)
[2026-09-27T22:07:24.211Z] GET http://localhost:8093/metrics → 200 (?ms, 377B)
[2026-09-27T22:07:25.207Z] GET http://localhost:8093/metrics → 200 (1ms, 377B)
[2026-09-27T22:07:26.208Z] GET http://localhost:8093/metrics → 200 (12ms, 377B)
[2026-09-27T22:07:26.209Z] GET http://localhost:8093/state → 200 (11ms, 6511B)
[2026-09-27T22:07:27.207Z] GET http://localhost:8093/metrics → 200 (1ms, 377B)
[2026-09-27T22:07:28.213Z] GET http://localhost:8093/metrics → 200 (?ms, 377B)
[2026-09-27T22:07:29.207Z] GET http://localhost:8093/metrics → 200 (1ms, 377B)
[2026-09-27T22:07:29.208Z] GET http://localhost:8093/state → 200 (?ms, 6511B)
[2026-09-27T22:07:30.207Z] GET http://localhost:8093/metrics → 200 (1ms, 462B)
[2026-09-27T22:07:31.206Z] GET http://localhost:8093/metrics → 200 (1ms, 461B)
[2026-09-27T22:07:32.206Z] GET http://localhost:8093/metrics → 200 (1ms, 377B)
[2026-09-27T22:07:32.207Z] GET http://localhost:8093/state → 200 (1ms, 6511B)
[2026-09-27T22:07:33.207Z] GET http://localhost:8093/metrics → 200 (1ms, 445B)
[2026-09-27T22:07:34.209Z] GET http://localhost:8093/metrics → 200 (9ms, 377B)
[2026-09-27T22:07:35.208Z] GET http://localhost:8093/metrics → 200 (6ms, 377B)
[2026-09-27T22:07:35.208Z] GET http://localhost:8093/state → 200 (6ms, 6511B)
[2026-09-27T22:07:36.208Z] GET http://localhost:8093/metrics → 200 (6ms, 377B)
[2026-09-27T22:07:37.206Z] GET http://localhost:8093/metrics → 200 (1ms, 377B)
[2026-09-27T22:07:38.209Z] GET http://localhost:8093/metrics → 200 (6ms, 462B)
[2026-09-27T22:07:38.209Z] GET http://localhost:8093/state → 200 (1ms, 6511B)
[2026-09-27T22:07:39.208Z] GET http://localhost:8093/metrics → 200 (2ms, 377B)
[2026-09-27T22:07:40.206Z] GET http://localhost:8093/metrics → 200 (1ms, 377B)
[2026-09-27T22:07:41.206Z] GET http://localhost:8093/metrics → 200 (1ms, 462B)
[2026-09-27T22:07:41.207Z] GET http://localhost:8093/state → 200 (1ms, 6511B)
[2026-09-27T22:07:42.217Z] GET http://localhost:8093/metrics → 200 (1ms, 377B)
[2026-09-27T22:07:43.206Z] GET http://localhost:8093/metrics → 200 (1ms, 445B)
[2026-09-27T22:07:44.206Z] GET http://localhost:8093/metrics → 200 (2ms, 377B)
[2026-09-27T22:07:44.208Z] GET http://localhost:8093/state → 200 (?ms, 6511B)
[2026-09-27T22:07:45.206Z] GET http://localhost:8093/metrics → 200 (1ms, 377B)
[2026-09-27T22:07:46.205Z] GET http://localhost:8093/metrics → 200 (?ms, 453B)
[2026-09-27T22:07:47.206Z] GET http://localhost:8093/metrics → 200 (1ms, 461B)
[2026-09-27T22:07:47.207Z] GET http://localhost:8093/state → 200 (1ms, 6511B)
[2026-09-27T22:07:48.209Z] GET http://localhost:8093/metrics → 200 (?ms, 444B)
[2026-09-27T22:07:49.209Z] GET http://localhost:8093/metrics → 200 (2ms, 442B)
[2026-09-27T22:07:50.209Z] GET http://localhost:8093/metrics → 200 (9ms, 377B)
[2026-09-27T22:07:50.209Z] GET http://localhost:8093/state → 200 (9ms, 6511B)
[2026-09-27T22:07:51.207Z] GET http://localhost:8093/metrics → 200 (?ms, 394B)
[2026-09-27T22:07:52.208Z] GET http://localhost:8093/metrics → 200 (1ms, 377B)
[2026-09-27T22:07:53.209Z] GET http://localhost:8093/metrics → 200 (1ms, 377B)
[2026-09-27T22:07:53.210Z] GET http://localhost:8093/state → 200 (?ms, 6511B)
[2026-09-27T22:07:54.210Z] GET http://localhost:8093/metrics → 200 (?ms, 377B)
[2026-09-27T22:07:55.207Z] GET http://localhost:8093/metrics → 200 (?ms, 461B)
[2026-09-27T22:07:56.207Z] GET http://localhost:8093/metrics → 200 (?ms, 377B)
[2026-09-27T22:07:56.207Z] GET http://localhost:8093/state → 200 (1ms, 6511B)
[2026-09-27T22:07:57.209Z] GET http://localhost:8093/metrics → 200 (2ms, 377B)
[2026-09-27T22:07:58.206Z] GET http://localhost:8093/metrics → 200 (2ms, 377B)
[2026-09-27T22:07:59.212Z] GET http://localhost:8093/metrics → 200 (1ms, 377B)
[2026-09-27T22:07:59.212Z] GET http://localhost:8093/state → 200 (1ms, 6511B)
[2026-09-27T22:08:00.206Z] GET http://localhost:8093/metrics → 200 (1ms, 377B)
[2026-09-27T22:08:01.208Z] GET http://localhost:8093/metrics → 200 (5ms, 377B)
[2026-09-27T22:08:02.207Z] GET http://localhost:8093/metrics → 200 (1ms, 377B)
[2026-09-27T22:08:02.208Z] GET http://localhost:8093/state → 200 (1ms, 6511B)
[2026-09-27T22:08:03.206Z] GET http://localhost:8093/metrics → 200 (1ms, 377B)
[2026-09-27T22:08:04.207Z] GET http://localhost:8093/metrics → 200 (1ms, 462B)
[2026-09-27T22:08:05.212Z] GET http://localhost:8093/metrics → 200 (3ms, 461B)
[2026-09-27T22:08:05.212Z] GET http://localhost:8093/state → 200 (3ms, 6511B)
[2026-09-27T22:08:06.210Z] GET http://localhost:8093/metrics → 200 (2ms, 394B)
[2026-09-27T22:08:07.209Z] GET http://localhost:8093/metrics → 200 (2ms, 377B)
[2026-09-27T22:08:08.207Z] GET http://localhost:8093/metrics → 200 (1ms, 377B)
[2026-09-27T22:08:08.207Z] GET http://localhost:8093/state → 200 (2ms, 6511B)
[2026-09-27T22:08:09.209Z] GET http://localhost:8093/metrics → 200 (1ms, 377B)
[2026-09-27T22:08:10.208Z] GET http://localhost:8093/metrics → 200 (10ms, 394B)
[2026-09-27T22:08:11.207Z] GET http://localhost:8093/metrics → 200 (1ms, 394B)
[2026-09-27T22:08:11.208Z] GET http://localhost:8093/state → 200 (2ms, 6511B)
[2026-09-27T22:08:12.207Z] GET http://localhost:8093/metrics → 200 (8ms, 461B)
[2026-09-27T22:08:13.208Z] GET http://localhost:8093/metrics → 200 (1ms, 377B)
[2026-09-27T22:08:14.208Z] GET http://localhost:8093/metrics → 200 (1ms, 377B)
[2026-09-27T22:08:14.208Z] GET http://localhost:8093/state → 200 (1ms, 6511B)
[2026-09-27T22:08:15.206Z] GET http://localhost:8093/metrics → 200 (?ms, 394B)
[2026-09-27T22:08:16.206Z] GET http://localhost:8093/metrics → 200 (1ms, 377B)
[2026-09-27T22:08:17.207Z] GET http://localhost:8093/metrics → 200 (1ms, 377B)
[2026-09-27T22:08:17.208Z] GET http://localhost:8093/state → 200 (1ms, 6511B)
[2026-09-27T22:08:18.207Z] GET http://localhost:8093/metrics → 200 (1ms, 377B)
[2026-09-27T22:08:19.210Z] GET http://localhost:8093/metrics → 200 (4ms, 394B)
[2026-09-27T22:08:20.206Z] GET http://localhost:8093/metrics → 200 (1ms, 377B)
[2026-09-27T22:08:20.207Z] GET http://localhost:8093/state → 200 (1ms, 6511B)
[2026-09-27T22:08:21.209Z] GET http://localhost:8093/metrics → 200 (1ms, 378B)
[2026-09-27T22:08:22.205Z] GET http://localhost:8093/metrics → 200 (1ms, 461B)
[2026-09-27T22:08:23.210Z] GET http://localhost:8093/metrics → 200 (5ms, 378B)
[2026-09-27T22:08:23.210Z] GET http://localhost:8093/state → 200 (5ms, 6512B)
[2026-09-27T22:08:24.208Z] GET http://localhost:8093/metrics → 200 (1ms, 458B)
[2026-09-27T22:08:25.208Z] GET http://localhost:8093/metrics → 200 (2ms, 378B)
[2026-09-27T22:08:26.209Z] GET http://localhost:8093/metrics → 200 (3ms, 378B)
[2026-09-27T22:08:26.209Z] GET http://localhost:8093/state → 200 (3ms, 6512B)
[2026-09-27T22:08:27.206Z] GET http://localhost:8093/metrics → 200 (1ms, 462B)
[2026-09-27T22:08:28.205Z] GET http://localhost:8093/metrics → 200 (1ms, 462B)
[2026-09-27T22:08:29.210Z] GET http://localhost:8093/metrics → 200 (3ms, 446B)
[2026-09-27T22:08:29.210Z] GET http://localhost:8093/state → 200 (3ms, 6512B)
[2026-09-27T22:08:30.212Z] GET http://localhost:8093/metrics → 200 (3ms, 378B)
[2026-09-27T22:08:31.207Z] GET http://localhost:8093/metrics → 200 (1ms, 378B)
[2026-09-27T22:08:32.213Z] GET http://localhost:8093/metrics → 200 (1ms, 378B)
[2026-09-27T22:08:32.213Z] GET http://localhost:8093/state → 200 (1ms, 6512B)
[2026-09-27T22:08:33.210Z] GET http://localhost:8093/metrics → 200 (?ms, 378B)
[2026-09-27T22:08:34.213Z] GET http://localhost:8093/metrics → 200 (?ms, 378B)
[2026-09-27T22:08:35.206Z] GET http://localhost:8093/metrics → 200 (1ms, 463B)
[2026-09-27T22:08:35.207Z] GET http://localhost:8093/state → 200 (?ms, 6512B)
[2026-09-27T22:08:36.205Z] GET http://localhost:8093/metrics → 200 (1ms, 463B)
[2026-09-27T22:08:37.206Z] GET http://localhost:8093/metrics → 200 (?ms, 378B)
[2026-09-27T22:08:38.207Z] GET http://localhost:8093/metrics → 200 (1ms, 378B)
[2026-09-27T22:08:38.207Z] GET http://localhost:8093/state → 200 (8ms, 6513B)
[2026-09-27T22:08:39.205Z] GET http://localhost:8093/metrics → 200 (1ms, 378B)
[2026-09-27T22:08:40.209Z] GET http://localhost:8093/metrics → 200 (2ms, 394B)
[2026-09-27T22:08:41.207Z] GET http://localhost:8093/metrics → 200 (2ms, 462B)
[2026-09-27T22:08:41.209Z] GET http://localhost:8093/state → 200 (1ms, 6514B)
[2026-09-27T22:08:42.205Z] GET http://localhost:8093/metrics → 200 (2ms, 378B)
[2026-09-27T22:08:43.209Z] GET http://localhost:8093/metrics → 200 (2ms, 378B)
[2026-09-27T22:08:44.209Z] GET http://localhost:8093/metrics → 200 (1ms, 463B)
[2026-09-27T22:08:44.209Z] GET http://localhost:8093/state → 200 (1ms, 6514B)
[2026-09-27T22:08:45.207Z] GET http://localhost:8093/metrics → 200 (3ms, 462B)
[2026-09-27T22:08:46.207Z] GET http://localhost:8093/metrics → 200 (2ms, 378B)
[2026-09-27T22:08:47.208Z] GET http://localhost:8093/metrics → 200 (2ms, 378B)
[2026-09-27T22:08:47.208Z] GET http://localhost:8093/state → 200 (2ms, 6515B)
[2026-09-27T22:08:48.208Z] GET http://localhost:8093/metrics → 200 (1ms, 463B)
[2026-09-27T22:08:49.206Z] GET http://localhost:8093/metrics → 200 (1ms, 378B)
[2026-09-27T22:08:50.207Z] GET http://localhost:8093/metrics → 200 (1ms, 378B)
[2026-09-27T22:08:50.207Z] GET http://localhost:8093/state → 200 (1ms, 6515B)
[2026-09-27T22:08:51.206Z] GET http://localhost:8093/metrics → 200 (1ms, 378B)
[2026-09-27T22:08:52.206Z] GET http://localhost:8093/metrics → 200 (1ms, 378B)
[2026-09-27T22:08:53.210Z] GET http://localhost:8093/metrics → 200 (1ms, 378B)
[2026-09-27T22:08:53.210Z] GET http://localhost:8093/state → 200 (1ms, 6515B)
[2026-09-27T22:08:54.205Z] GET http://localhost:8093/metrics → 200 (2ms, 378B)
[2026-09-27T22:08:55.208Z] GET http://localhost:8093/metrics → 200 (1ms, 378B)
[2026-09-27T22:08:56.207Z] GET http://localhost:8093/metrics → 200 (1ms, 463B)
[2026-09-27T22:08:56.208Z] GET http://localhost:8093/state → 200 (?ms, 6515B)
[2026-09-27T22:08:57.206Z] GET http://localhost:8093/metrics → 200 (?ms, 378B)
[2026-09-27T22:08:58.206Z] GET http://localhost:8093/metrics → 200 (1ms, 378B)
[2026-09-27T22:08:59.213Z] GET http://localhost:8093/metrics → 200 (9ms, 378B)
[2026-09-27T22:08:59.213Z] GET http://localhost:8093/state → 200 (9ms, 6515B)
[2026-09-27T22:09:00.206Z] GET http://localhost:8093/metrics → 200 (?ms, 378B)
[2026-09-27T22:09:01.209Z] GET http://localhost:8093/metrics → 200 (1ms, 378B)
[2026-09-27T22:09:02.218Z] GET http://localhost:8093/metrics → 200 (1ms, 462B)
[2026-09-27T22:09:02.219Z] GET http://localhost:8093/state → 200 (?ms, 6515B)
[2026-09-27T22:09:03.225Z] GET http://localhost:8093/metrics → 200 (?ms, 378B)
[2026-09-27T22:09:04.208Z] GET http://localhost:8093/metrics → 200 (1ms, 378B)
[2026-09-27T22:09:05.205Z] GET http://localhost:8093/metrics → 200 (1ms, 378B)
[2026-09-27T22:09:05.206Z] GET http://localhost:8093/state → 200 (1ms, 6515B)
[2026-09-27T22:09:06.208Z] GET http://localhost:8093/metrics → 200 (1ms, 378B)
[2026-09-27T22:09:07.206Z] GET http://localhost:8093/metrics → 200 (1ms, 378B)
[2026-09-27T22:09:08.205Z] GET http://localhost:8093/metrics → 200 (1ms, 395B)
[2026-09-27T22:09:08.206Z] GET http://localhost:8093/state → 200 (1ms, 6515B)
[2026-09-27T22:09:09.209Z] GET http://localhost:8093/metrics → 200 (1ms, 395B)
[2026-09-27T22:09:10.207Z] GET http://localhost:8093/metrics → 200 (?ms, 463B)
[2026-09-27T22:09:11.208Z] GET http://localhost:8093/metrics → 200 (1ms, 378B)
[2026-09-27T22:09:11.208Z] GET http://localhost:8093/state → 200 (1ms, 6515B)
[2026-09-27T22:09:12.206Z] GET http://localhost:8093/metrics → 200 (1ms, 461B)
[2026-09-27T22:09:13.208Z] GET http://localhost:8093/metrics → 200 (?ms, 378B)
[2026-09-27T22:09:14.205Z] GET http://localhost:8093/metrics → 200 (1ms, 378B)
[2026-09-27T22:09:14.206Z] GET http://localhost:8093/state → 200 (1ms, 6515B)
[2026-09-27T22:09:15.205Z] GET http://localhost:8093/metrics → 200 (1ms, 378B)
[2026-09-27T22:09:16.206Z] GET http://localhost:8093/metrics → 200 (1ms, 378B)
[2026-09-27T22:09:17.207Z] GET http://localhost:8093/metrics → 200 (3ms, 462B)
[2026-09-27T22:09:17.207Z] GET http://localhost:8093/state → 200 (3ms, 6515B)
[2026-09-27T22:09:18.211Z] GET http://localhost:8093/metrics → 200 (?ms, 378B)
[2026-09-27T22:09:19.206Z] GET http://localhost:8093/metrics → 200 (1ms, 462B)
[2026-09-27T22:09:20.207Z] GET http://localhost:8093/metrics → 200 (2ms, 463B)
[2026-09-27T22:09:20.207Z] GET http://localhost:8093/state → 200 (2ms, 6515B)
[2026-09-27T22:09:21.208Z] GET http://localhost:8093/metrics → 200 (?ms, 459B)
[2026-09-27T22:09:22.205Z] GET http://localhost:8093/metrics → 200 (1ms, 378B)
[2026-09-27T22:09:23.208Z] GET http://localhost:8093/metrics → 200 (1ms, 378B)
[2026-09-27T22:09:23.209Z] GET http://localhost:8093/state → 200 (1ms, 6515B)
[2026-09-27T22:09:24.205Z] GET http://localhost:8093/metrics → 200 (1ms, 446B)
[2026-09-27T22:09:25.208Z] GET http://localhost:8093/metrics → 200 (?ms, 378B)
[2026-09-27T22:09:26.208Z] GET http://localhost:8093/metrics → 200 (2ms, 378B)
[2026-09-27T22:09:26.208Z] GET http://localhost:8093/state → 200 (2ms, 6515B)
[2026-09-27T22:09:27.209Z] GET http://localhost:8093/metrics → 200 (3ms, 378B)
[2026-09-27T22:09:28.209Z] GET http://localhost:8093/metrics → 200 (1ms, 459B)
[2026-09-27T22:09:29.209Z] GET http://localhost:8093/metrics → 200 (3ms, 458B)
[2026-09-27T22:09:29.210Z] GET http://localhost:8093/state → 200 (2ms, 6515B)
[2026-09-27T22:09:30.205Z] GET http://localhost:8093/metrics → 200 (1ms, 462B)
[2026-09-27T22:09:31.205Z] GET http://localhost:8093/metrics → 200 (1ms, 378B)
[2026-09-27T22:09:32.215Z] GET http://localhost:8093/metrics → 200 (?ms, 378B)
[2026-09-27T22:09:32.215Z] GET http://localhost:8093/state → 200 (?ms, 6515B)
[2026-09-27T22:09:33.207Z] GET http://localhost:8093/metrics → 200 (2ms, 378B)
[2026-09-27T22:09:34.206Z] GET http://localhost:8093/metrics → 200 (1ms, 378B)
[2026-09-27T22:09:35.206Z] GET http://localhost:8093/metrics → 200 (1ms, 378B)
[2026-09-27T22:09:35.207Z] GET http://localhost:8093/state → 200 (1ms, 6515B)
[2026-09-27T22:09:36.206Z] GET http://localhost:8093/metrics → 200 (?ms, 378B)
[2026-09-27T22:09:37.205Z] GET http://localhost:8093/metrics → 200 (1ms, 378B)
[2026-09-27T22:09:38.206Z] GET http://localhost:8093/metrics → 200 (1ms, 378B)
[2026-09-27T22:09:38.206Z] GET http://localhost:8093/state → 200 (1ms, 6515B)
[2026-09-27T22:09:39.205Z] GET http://localhost:8093/metrics → 200 (1ms, 378B)
[2026-09-27T22:09:40.206Z] GET http://localhost:8093/metrics → 200 (?ms, 378B)
[2026-09-27T22:09:41.206Z] GET http://localhost:8093/metrics → 200 (7ms, 378B)
[2026-09-27T22:09:41.213Z] GET http://localhost:8093/state → 200 (3ms, 6515B)
[2026-09-27T22:09:42.205Z] GET http://localhost:8093/metrics → 200 (1ms, 378B)
[2026-09-27T22:09:43.206Z] GET http://localhost:8093/metrics → 200 (1ms, 378B)
[2026-09-27T22:09:44.206Z] GET http://localhost:8093/metrics → 200 (1ms, 378B)
[2026-09-27T22:09:44.207Z] GET http://localhost:8093/state → 200 (?ms, 6515B)
[2026-09-27T22:09:45.208Z] GET http://localhost:8093/metrics → 200 (1ms, 378B)
[2026-09-27T22:09:46.206Z] GET http://localhost:8093/metrics → 200 (1ms, 378B)
[2026-09-27T22:09:47.207Z] GET http://localhost:8093/metrics → 200 (6ms, 378B)
[2026-09-27T22:09:47.207Z] GET http://localhost:8093/state → 200 (6ms, 6515B)
[2026-09-27T22:09:48.205Z] GET http://localhost:8093/metrics → 200 (2ms, 378B)
[2026-09-27T22:09:49.205Z] GET http://localhost:8093/metrics → 200 (1ms, 378B)
[2026-09-27T22:09:50.206Z] GET http://localhost:8093/metrics → 200 (1ms, 378B)
[2026-09-27T22:09:50.206Z] GET http://localhost:8093/state → 200 (1ms, 6515B)
[2026-09-27T22:09:51.207Z] GET http://localhost:8093/metrics → 200 (?ms, 378B)
[2026-09-27T22:09:52.205Z] GET http://localhost:8093/metrics → 200 (3ms, 378B)
[2026-09-27T22:09:53.208Z] GET http://localhost:8093/metrics → 200 (1ms, 378B)
[2026-09-27T22:09:53.209Z] GET http://localhost:8093/state → 200 (?ms, 6515B)
[2026-09-27T22:09:54.206Z] GET http://localhost:8093/metrics → 200 (1ms, 378B)
[2026-09-27T22:09:55.207Z] GET http://localhost:8093/metrics → 200 (2ms, 378B)
[2026-09-27T22:09:56.207Z] GET http://localhost:8093/metrics → 200 (8ms, 463B)
[2026-09-27T22:09:56.207Z] GET http://localhost:8093/state → 200 (8ms, 6516B)
[2026-09-27T22:09:57.205Z] GET http://localhost:8093/metrics → 200 (2ms, 378B)
[2026-09-27T22:09:58.206Z] GET http://localhost:8093/metrics → 200 (2ms, 378B)
[2026-09-27T22:09:59.205Z] GET http://localhost:8093/metrics → 200 (1ms, 378B)
[2026-09-27T22:09:59.206Z] GET http://localhost:8093/state → 200 (1ms, 6516B)
[2026-09-27T22:10:00.205Z] GET http://localhost:8093/metrics → 200 (1ms, 378B)
[2026-09-27T22:10:01.205Z] GET http://localhost:8093/metrics → 200 (1ms, 378B)
[2026-09-27T22:10:02.210Z] GET http://localhost:8093/metrics → 200 (1ms, 463B)
[2026-09-27T22:10:02.210Z] GET http://localhost:8093/state → 200 (2ms, 6516B)
[2026-09-27T22:10:03.212Z] GET http://localhost:8093/metrics → 200 (1ms, 378B)
[2026-09-27T22:10:04.211Z] GET http://localhost:8093/metrics → 200 (?ms, 463B)
[2026-09-27T22:10:05.209Z] GET http://localhost:8093/metrics → 200 (2ms, 370B)
[2026-09-27T22:10:05.210Z] GET http://localhost:8093/state → 200 (1ms, 342B)
[2026-09-27T22:10:05.772Z] GET http://localhost:8093/state → 200 (8ms, 3166B)
[2026-09-27T22:10:05.772Z] GET http://localhost:8093/state → 200 (2ms, 3166B)
[2026-09-27T22:10:05.777Z] GET http://localhost:8093/state → 200 (3ms, 3166B)
[2026-09-27T22:10:05.777Z] GET http://localhost:8093/state → 200 (1ms, 2603B)
[2026-09-27T22:10:05.785Z] GET http://localhost:8093/state → 200 (1ms, 3354B)
[2026-09-27T22:10:05.802Z] GET http://localhost:8093/state → 200 (?ms, 3586B)
[2026-09-27T22:10:05.849Z] GET http://localhost:8093/state → 200 (?ms, 4444B)
[2026-09-27T22:10:05.849Z] GET http://localhost:8093/state → 200 (2ms, 4257B)
[2026-09-27T22:10:06.039Z] GET http://localhost:8093/state → 200 (1ms, 5148B)
[2026-09-27T22:10:06.243Z] GET http://localhost:8093/metrics → 200 (7ms, 458B)
[2026-09-27T22:10:07.216Z] GET http://localhost:8093/metrics → 200 (?ms, 457B)
[2026-09-27T22:10:08.221Z] GET http://localhost:8093/metrics → 200 (?ms, 458B)
[2026-09-27T22:10:08.221Z] GET http://localhost:8093/state → 200 (?ms, 5148B)
[2026-09-27T22:10:09.216Z] GET http://localhost:8093/metrics → 200 (3ms, 375B)
[2026-09-27T22:10:10.218Z] GET http://localhost:8093/metrics → 200 (3ms, 455B)
[2026-09-27T22:10:11.218Z] GET http://localhost:8093/metrics → 200 (4ms, 459B)
[2026-09-27T22:10:11.218Z] GET http://localhost:8093/state → 200 (4ms, 5148B)
[2026-09-27T22:10:12.217Z] GET http://localhost:8093/metrics → 200 (?ms, 460B)
[2026-09-27T22:10:13.217Z] GET http://localhost:8093/metrics → 200 (?ms, 375B)
[2026-09-27T22:10:14.226Z] GET http://localhost:8093/metrics → 200 (1ms, 375B)
[2026-09-27T22:10:14.227Z] GET http://localhost:8093/state → 200 (?ms, 5148B)
[2026-09-27T22:10:15.221Z] GET http://localhost:8093/metrics → 200 (?ms, 459B)
[2026-09-27T22:10:16.216Z] GET http://localhost:8093/metrics → 200 (1ms, 459B)
[2026-09-27T22:10:17.215Z] GET http://localhost:8093/metrics → 200 (2ms, 375B)
[2026-09-27T22:10:17.216Z] GET http://localhost:8093/state → 200 (1ms, 5148B)
[2026-09-27T22:10:18.224Z] GET http://localhost:8093/metrics → 200 (?ms, 375B)
[2026-09-27T22:10:19.216Z] GET http://localhost:8093/metrics → 200 (1ms, 459B)
[2026-09-27T22:10:20.216Z] GET http://localhost:8093/metrics → 200 (1ms, 460B)
[2026-09-27T22:10:20.217Z] GET http://localhost:8093/state → 200 (1ms, 5148B)
[2026-09-27T22:10:21.217Z] GET http://localhost:8093/metrics → 200 (?ms, 375B)
[2026-09-27T22:10:21.538Z] GET http://localhost:8093/state → 200 (1ms, 5443B)
[2026-09-27T22:10:22.217Z] GET http://localhost:8093/metrics → 200 (1ms, 441B)
[2026-09-27T22:10:23.219Z] GET http://localhost:8093/metrics → 200 (1ms, 461B)
[2026-09-27T22:10:23.220Z] GET http://localhost:8093/state → 200 (1ms, 5443B)
[2026-09-27T22:10:24.224Z] GET http://localhost:8093/metrics → 200 (2ms, 461B)
[2026-09-27T22:10:25.226Z] GET http://localhost:8093/metrics → 200 (1ms, 376B)
[2026-09-27T22:10:26.225Z] GET http://localhost:8093/metrics → 200 (1ms, 443B)
[2026-09-27T22:10:26.225Z] GET http://localhost:8093/state → 200 (1ms, 5443B)
[2026-09-27T22:10:27.222Z] GET http://localhost:8093/metrics → 200 (2ms, 460B)
[2026-09-27T22:10:28.218Z] GET http://localhost:8093/metrics → 200 (1ms, 376B)
[2026-09-27T22:10:29.227Z] GET http://localhost:8093/metrics → 200 (7ms, 376B)
[2026-09-27T22:10:29.227Z] GET http://localhost:8093/state → 200 (4ms, 5443B)
[2026-09-27T22:10:30.227Z] GET http://localhost:8093/metrics → 200 (3ms, 376B)
[2026-09-27T22:10:31.225Z] GET http://localhost:8093/metrics → 200 (?ms, 376B)
[2026-09-27T22:10:32.221Z] GET http://localhost:8093/metrics → 200 (1ms, 376B)
[2026-09-27T22:10:32.222Z] GET http://localhost:8093/state → 200 (1ms, 5443B)
[2026-09-27T22:10:33.230Z] GET http://localhost:8093/metrics → 200 (?ms, 376B)
[2026-09-27T22:10:34.220Z] GET http://localhost:8093/metrics → 200 (?ms, 376B)
[2026-09-27T22:10:35.229Z] GET http://localhost:8093/metrics → 200 (?ms, 376B)
[2026-09-27T22:10:35.229Z] GET http://localhost:8093/state → 200 (8ms, 5443B)
[2026-09-27T22:10:36.220Z] GET http://localhost:8093/metrics → 200 (2ms, 394B)
[2026-09-27T22:10:37.226Z] GET http://localhost:8093/metrics → 200 (?ms, 377B)
[2026-09-27T22:10:38.222Z] GET http://localhost:8093/metrics → 200 (1ms, 377B)
[2026-09-27T22:10:38.222Z] GET http://localhost:8093/state → 200 (1ms, 5443B)
[2026-09-27T22:10:39.233Z] GET http://localhost:8093/metrics → 200 (?ms, 377B)
[2026-09-27T22:10:40.234Z] GET http://localhost:8093/metrics → 200 (?ms, 377B)
[2026-09-27T22:10:41.228Z] GET http://localhost:8093/metrics → 200 (?ms, 377B)
[2026-09-27T22:10:41.228Z] GET http://localhost:8093/state → 200 (?ms, 5443B)
[2026-09-27T22:10:42.221Z] GET http://localhost:8093/metrics → 200 (8ms, 377B)
[2026-09-27T22:10:43.220Z] GET http://localhost:8093/metrics → 200 (1ms, 394B)
[2026-09-27T22:10:44.224Z] GET http://localhost:8093/metrics → 200 (1ms, 377B)
[2026-09-27T22:10:44.225Z] GET http://localhost:8093/state → 200 (?ms, 5443B)
[2026-09-27T22:10:45.223Z] GET http://localhost:8093/metrics → 200 (3ms, 377B)
[2026-09-27T22:10:46.222Z] GET http://localhost:8093/metrics → 200 (1ms, 377B)
[2026-09-27T22:10:47.226Z] GET http://localhost:8093/metrics → 200 (14ms, 377B)
[2026-09-27T22:10:47.226Z] GET http://localhost:8093/state → 200 (14ms, 5443B)
[2026-09-27T22:10:48.220Z] GET http://localhost:8093/metrics → 200 (1ms, 462B)
[2026-09-27T22:10:49.229Z] GET http://localhost:8093/metrics → 200 (?ms, 377B)
[2026-09-27T22:10:50.221Z] GET http://localhost:8093/metrics → 200 (4ms, 377B)
[2026-09-27T22:10:50.225Z] GET http://localhost:8093/state → 200 (1ms, 5443B)
[2026-09-27T22:10:51.221Z] GET http://localhost:8093/metrics → 200 (1ms, 377B)
[2026-09-27T22:10:52.223Z] GET http://localhost:8093/metrics → 200 (2ms, 377B)
[2026-09-27T22:10:53.226Z] GET http://localhost:8093/metrics → 200 (2ms, 462B)
[2026-09-27T22:10:53.226Z] GET http://localhost:8093/state → 200 (2ms, 5443B)
[2026-09-27T22:10:54.225Z] GET http://localhost:8093/metrics → 200 (?ms, 377B)
[2026-09-27T22:10:55.226Z] GET http://localhost:8093/metrics → 200 (?ms, 461B)
[2026-09-27T22:10:56.230Z] GET http://localhost:8093/metrics → 200 (?ms, 394B)
[2026-09-27T22:10:56.230Z] GET http://localhost:8093/state → 200 (?ms, 5444B)
[2026-09-27T22:10:57.221Z] GET http://localhost:8093/metrics → 200 (?ms, 462B)
[2026-09-27T22:10:58.220Z] GET http://localhost:8093/metrics → 200 (1ms, 463B)
[2026-09-27T22:10:59.221Z] GET http://localhost:8093/metrics → 200 (1ms, 445B)
[2026-09-27T22:10:59.222Z] GET http://localhost:8093/state → 200 (1ms, 5444B)
[2026-09-27T22:11:00.227Z] GET http://localhost:8093/metrics → 200 (2ms, 463B)
[2026-09-27T22:11:01.221Z] GET http://localhost:8093/metrics → 200 (7ms, 446B)
[2026-09-27T22:11:02.225Z] GET http://localhost:8093/metrics → 200 (?ms, 378B)
[2026-09-27T22:11:02.225Z] GET http://localhost:8093/state → 200 (11ms, 5444B)
[2026-09-27T22:11:03.222Z] GET http://localhost:8093/metrics → 200 (2ms, 378B)
[2026-09-27T22:11:04.224Z] GET http://localhost:8093/metrics → 200 (1ms, 378B)
[2026-09-27T22:11:05.223Z] GET http://localhost:8093/metrics → 200 (1ms, 378B)
[2026-09-27T22:11:05.224Z] GET http://localhost:8093/state → 200 (1ms, 5444B)
[2026-09-27T22:11:06.226Z] GET http://localhost:8093/metrics → 200 (?ms, 394B)
[2026-09-27T22:11:07.222Z] GET http://localhost:8093/metrics → 200 (3ms, 378B)
[2026-09-27T22:11:08.225Z] GET http://localhost:8093/metrics → 200 (?ms, 394B)
[2026-09-27T22:11:08.225Z] GET http://localhost:8093/state → 200 (?ms, 5444B)
[2026-09-27T22:11:09.221Z] GET http://localhost:8093/metrics → 200 (2ms, 378B)
[2026-09-27T22:11:10.221Z] GET http://localhost:8093/metrics → 200 (1ms, 378B)
[2026-09-27T22:11:11.221Z] GET http://localhost:8093/metrics → 200 (1ms, 378B)
[2026-09-27T22:11:11.222Z] GET http://localhost:8093/state → 200 (1ms, 5444B)
[2026-09-27T22:11:12.226Z] GET http://localhost:8093/metrics → 200 (?ms, 378B)
[2026-09-27T22:11:13.226Z] GET http://localhost:8093/metrics → 200 (1ms, 394B)
[2026-09-27T22:11:14.227Z] GET http://localhost:8093/metrics → 200 (5ms, 378B)
[2026-09-27T22:11:14.227Z] GET http://localhost:8093/state → 200 (5ms, 5444B)
[2026-09-27T22:11:15.228Z] GET http://localhost:8093/metrics → 200 (3ms, 378B)
[2026-09-27T22:11:16.225Z] GET http://localhost:8093/metrics → 200 (?ms, 378B)
[2026-09-27T22:11:17.223Z] GET http://localhost:8093/metrics → 200 (1ms, 378B)
[2026-09-27T22:11:17.224Z] GET http://localhost:8093/state → 200 (?ms, 5444B)
[2026-09-27T22:11:18.227Z] GET http://localhost:8093/metrics → 200 (1ms, 378B)
[2026-09-27T22:11:19.225Z] GET http://localhost:8093/metrics → 200 (1ms, 378B)
[2026-09-27T22:11:20.226Z] GET http://localhost:8093/metrics → 200 (1ms, 378B)
[2026-09-27T22:11:20.227Z] GET http://localhost:8093/state → 200 (?ms, 5444B)
[2026-09-27T22:11:21.226Z] GET http://localhost:8093/metrics → 200 (?ms, 393B)
[2026-09-27T22:11:22.222Z] GET http://localhost:8093/metrics → 200 (1ms, 462B)
[2026-09-27T22:11:23.224Z] GET http://localhost:8093/metrics → 200 (?ms, 378B)
[2026-09-27T22:11:23.224Z] GET http://localhost:8093/state → 200 (2ms, 5444B)
[2026-09-27T22:11:24.225Z] GET http://localhost:8093/metrics → 200 (?ms, 378B)
[2026-09-27T22:11:25.224Z] GET http://localhost:8093/metrics → 200 (3ms, 378B)
[2026-09-27T22:11:26.229Z] GET http://localhost:8093/metrics → 200 (1ms, 462B)
[2026-09-27T22:11:26.229Z] GET http://localhost:8093/state → 200 (1ms, 5444B)
[2026-09-27T22:11:27.221Z] GET http://localhost:8093/metrics → 200 (?ms, 462B)
[2026-09-27T22:11:28.225Z] GET http://localhost:8093/metrics → 200 (2ms, 444B)
[2026-09-27T22:11:29.228Z] GET http://localhost:8093/metrics → 200 (?ms, 378B)
[2026-09-27T22:11:29.228Z] GET http://localhost:8093/state → 200 (?ms, 5444B)
[2026-09-27T22:11:30.221Z] GET http://localhost:8093/metrics → 200 (1ms, 378B)
[2026-09-27T22:11:31.221Z] GET http://localhost:8093/metrics → 200 (1ms, 378B)
[2026-09-27T22:11:32.229Z] GET http://localhost:8093/metrics → 200 (?ms, 378B)
[2026-09-27T22:11:32.229Z] GET http://localhost:8093/state → 200 (?ms, 5444B)
[2026-09-27T22:11:33.223Z] GET http://localhost:8093/metrics → 200 (?ms, 378B)
[2026-09-27T22:11:34.224Z] GET http://localhost:8093/metrics → 200 (1ms, 378B)
[2026-09-27T22:11:35.228Z] GET http://localhost:8093/metrics → 200 (?ms, 378B)
[2026-09-27T22:11:35.228Z] GET http://localhost:8093/state → 200 (?ms, 5444B)
[2026-09-27T22:11:36.224Z] GET http://localhost:8093/metrics → 200 (?ms, 395B)
[2026-09-27T22:11:37.229Z] GET http://localhost:8093/metrics → 200 (2ms, 378B)
[2026-09-27T22:11:38.226Z] GET http://localhost:8093/metrics → 200 (?ms, 462B)
[2026-09-27T22:11:38.226Z] GET http://localhost:8093/state → 200 (?ms, 5444B)
[2026-09-27T22:11:39.222Z] GET http://localhost:8093/metrics → 200 (1ms, 378B)
[2026-09-27T22:11:40.225Z] GET http://localhost:8093/metrics → 200 (1ms, 378B)
[2026-09-27T22:11:41.231Z] GET http://localhost:8093/metrics → 200 (2ms, 378B)
[2026-09-27T22:11:41.231Z] GET http://localhost:8093/state → 200 (2ms, 5444B)
[2026-09-27T22:11:42.225Z] GET http://localhost:8093/metrics → 200 (3ms, 463B)
[2026-09-27T22:11:43.221Z] GET http://localhost:8093/metrics → 200 (1ms, 394B)
[2026-09-27T22:11:44.221Z] GET http://localhost:8093/metrics → 200 (2ms, 378B)
[2026-09-27T22:11:44.222Z] GET http://localhost:8093/state → 200 (4ms, 5444B)
[2026-09-27T22:11:45.231Z] GET http://localhost:8093/metrics → 200 (2ms, 378B)
[2026-09-27T22:11:46.233Z] GET http://localhost:8093/metrics → 200 (?ms, 461B)
[2026-09-27T22:11:47.224Z] GET http://localhost:8093/metrics → 200 (1ms, 463B)
[2026-09-27T22:11:47.225Z] GET http://localhost:8093/state → 200 (?ms, 5444B)
[2026-09-27T22:11:48.220Z] GET http://localhost:8093/metrics → 200 (2ms, 395B)
[2026-09-27T22:11:49.222Z] GET http://localhost:8093/metrics → 200 (1ms, 463B)
[2026-09-27T22:11:50.221Z] GET http://localhost:8093/metrics → 200 (?ms, 378B)
[2026-09-27T22:11:50.221Z] GET http://localhost:8093/state → 200 (1ms, 5444B)
[2026-09-27T22:11:51.221Z] GET http://localhost:8093/metrics → 200 (1ms, 378B)
[2026-09-27T22:11:52.222Z] GET http://localhost:8093/metrics → 200 (1ms, 463B)
[2026-09-27T22:11:53.222Z] GET http://localhost:8093/metrics → 200 (1ms, 378B)
[2026-09-27T22:11:53.222Z] GET http://localhost:8093/state → 200 (1ms, 5444B)
[2026-09-27T22:11:54.221Z] GET http://localhost:8093/metrics → 200 (1ms, 395B)
[2026-09-27T22:11:55.229Z] GET http://localhost:8093/metrics → 200 (?ms, 463B)
[2026-09-27T22:11:56.221Z] GET http://localhost:8093/metrics → 200 (2ms, 378B)
[2026-09-27T22:11:56.221Z] GET http://localhost:8093/state → 200 (2ms, 5444B)
[2026-09-27T22:11:57.220Z] GET http://localhost:8093/metrics → 200 (1ms, 378B)
[2026-09-27T22:11:58.223Z] GET http://localhost:8093/metrics → 200 (1ms, 378B)
[2026-09-27T22:11:59.223Z] GET http://localhost:8093/metrics → 200 (1ms, 378B)
[2026-09-27T22:11:59.223Z] GET http://localhost:8093/state → 200 (1ms, 5444B)
[2026-09-27T22:12:00.230Z] GET http://localhost:8093/metrics → 200 (?ms, 463B)
[2026-09-27T22:12:01.229Z] GET http://localhost:8093/metrics → 200 (1ms, 378B)
[2026-09-27T22:12:02.222Z] GET http://localhost:8093/metrics → 200 (8ms, 463B)
[2026-09-27T22:12:02.222Z] GET http://localhost:8093/state → 200 (7ms, 5445B)
[2026-09-27T22:12:03.227Z] GET http://localhost:8093/metrics → 200 (?ms, 378B)
[2026-09-27T22:12:04.222Z] GET http://localhost:8093/metrics → 200 (5ms, 378B)
[2026-09-27T22:12:05.221Z] GET http://localhost:8093/metrics → 200 (2ms, 378B)
[2026-09-27T22:12:05.222Z] GET http://localhost:8093/state → 200 (1ms, 5445B)
[2026-09-27T22:12:06.221Z] GET http://localhost:8093/metrics → 200 (1ms, 378B)
[2026-09-27T22:12:07.225Z] GET http://localhost:8093/metrics → 200 (?ms, 378B)
[2026-09-27T22:12:08.238Z] GET http://localhost:8093/metrics → 200 (?ms, 378B)
[2026-09-27T22:12:08.238Z] GET http://localhost:8093/state → 200 (?ms, 5445B)
[2026-09-27T22:12:09.263Z] GET http://localhost:8093/metrics → 200 (?ms, 378B)
[2026-09-27T22:12:10.221Z] GET http://localhost:8093/metrics → 200 (2ms, 378B)
[2026-09-27T22:12:11.222Z] GET http://localhost:8093/metrics → 200 (10ms, 378B)
[2026-09-27T22:12:11.222Z] GET http://localhost:8093/state → 200 (10ms, 5445B)
[2026-09-27T22:12:12.223Z] GET http://localhost:8093/metrics → 200 (2ms, 378B)
[2026-09-27T22:12:13.222Z] GET http://localhost:8093/metrics → 200 (1ms, 378B)
[2026-09-27T22:12:14.225Z] GET http://localhost:8093/metrics → 200 (?ms, 378B)
[2026-09-27T22:12:14.225Z] GET http://localhost:8093/state → 200 (?ms, 5445B)
[2026-09-27T22:12:15.221Z] GET http://localhost:8093/metrics → 200 (1ms, 378B)
[2026-09-27T22:12:16.222Z] GET http://localhost:8093/metrics → 200 (2ms, 378B)
[2026-09-27T22:12:17.227Z] GET http://localhost:8093/metrics → 200 (1ms, 378B)
[2026-09-27T22:12:17.227Z] GET http://localhost:8093/state → 200 (1ms, 5445B)
[2026-09-27T22:12:18.224Z] GET http://localhost:8093/metrics → 200 (?ms, 462B)
[2026-09-27T22:12:19.226Z] GET http://localhost:8093/metrics → 200 (1ms, 378B)
[2026-09-27T22:12:20.224Z] GET http://localhost:8093/metrics → 200 (?ms, 460B)
[2026-09-27T22:12:20.224Z] GET http://localhost:8093/state → 200 (?ms, 5445B)
[2026-09-27T22:12:21.221Z] GET http://localhost:8093/metrics → 200 (1ms, 378B)
[2026-09-27T22:12:22.223Z] GET http://localhost:8093/metrics → 200 (2ms, 378B)
[2026-09-27T22:12:23.223Z] GET http://localhost:8093/metrics → 200 (9ms, 378B)
[2026-09-27T22:12:23.223Z] GET http://localhost:8093/state → 200 (9ms, 5445B)
[2026-09-27T22:12:24.222Z] GET http://localhost:8093/metrics → 200 (1ms, 378B)
[2026-09-27T22:12:25.223Z] GET http://localhost:8093/metrics → 200 (1ms, 395B)
[2026-09-27T22:12:26.221Z] GET http://localhost:8093/metrics → 200 (1ms, 378B)
[2026-09-27T22:12:26.222Z] GET http://localhost:8093/state → 200 (1ms, 5445B)
[2026-09-27T22:12:27.228Z] GET http://localhost:8093/metrics → 200 (1ms, 378B)
[2026-09-27T22:12:28.224Z] GET http://localhost:8093/metrics → 200 (10ms, 378B)
[2026-09-27T22:12:29.221Z] GET http://localhost:8093/metrics → 200 (1ms, 462B)
[2026-09-27T22:12:29.221Z] GET http://localhost:8093/state → 200 (2ms, 5445B)
[2026-09-27T22:12:30.226Z] GET http://localhost:8093/metrics → 200 (?ms, 446B)
[2026-09-27T22:12:31.223Z] GET http://localhost:8093/metrics → 200 (1ms, 463B)
[2026-09-27T22:12:32.226Z] GET http://localhost:8093/metrics → 200 (1ms, 446B)
[2026-09-27T22:12:32.226Z] GET http://localhost:8093/state → 200 (?ms, 5445B)
[2026-09-27T22:12:33.222Z] GET http://localhost:8093/metrics → 200 (1ms, 394B)
[2026-09-27T22:12:34.224Z] GET http://localhost:8093/metrics → 200 (?ms, 378B)
[2026-09-27T22:12:35.223Z] GET http://localhost:8093/metrics → 200 (5ms, 378B)
[2026-09-27T22:12:35.223Z] GET http://localhost:8093/state → 200 (5ms, 5445B)
[2026-09-27T22:12:36.225Z] GET http://localhost:8093/metrics → 200 (?ms, 461B)
[2026-09-27T22:12:37.224Z] GET http://localhost:8093/metrics → 200 (?ms, 378B)
[2026-09-27T22:12:38.223Z] GET http://localhost:8093/metrics → 200 (1ms, 461B)
[2026-09-27T22:12:38.223Z] GET http://localhost:8093/state → 200 (1ms, 5445B)
[2026-09-27T22:12:39.222Z] GET http://localhost:8093/metrics → 200 (2ms, 378B)
[2026-09-27T22:12:40.221Z] GET http://localhost:8093/metrics → 200 (1ms, 378B)
[2026-09-27T22:12:41.230Z] GET http://localhost:8093/metrics → 200 (?ms, 462B)
[2026-09-27T22:12:41.230Z] GET http://localhost:8093/state → 200 (?ms, 5445B)
[2026-09-27T22:12:42.222Z] GET http://localhost:8093/metrics → 200 (1ms, 378B)
[2026-09-27T22:12:43.227Z] GET http://localhost:8093/metrics → 200 (?ms, 394B)
[2026-09-27T22:12:44.229Z] GET http://localhost:8093/metrics → 200 (1ms, 463B)
[2026-09-27T22:12:44.229Z] GET http://localhost:8093/state → 200 (1ms, 5445B)
[2026-09-27T22:12:45.227Z] GET http://localhost:8093/metrics → 200 (?ms, 444B)
[2026-09-27T22:12:46.228Z] GET http://localhost:8093/metrics → 200 (1ms, 463B)
[2026-09-27T22:12:47.224Z] GET http://localhost:8093/metrics → 200 (1ms, 446B)
[2026-09-27T22:12:47.224Z] GET http://localhost:8093/state → 200 (1ms, 5445B)
[2026-09-27T22:12:48.228Z] GET http://localhost:8093/metrics → 200 (1ms, 378B)
[2026-09-27T22:12:49.223Z] GET http://localhost:8093/metrics → 200 (3ms, 395B)
[2026-09-27T22:12:50.227Z] GET http://localhost:8093/metrics → 200 (1ms, 378B)
[2026-09-27T22:12:50.227Z] GET http://localhost:8093/state → 200 (1ms, 5446B)
[2026-09-27T22:12:51.226Z] GET http://localhost:8093/metrics → 200 (?ms, 462B)
[2026-09-27T22:12:52.225Z] GET http://localhost:8093/metrics → 200 (?ms, 378B)
[2026-09-27T22:12:53.221Z] GET http://localhost:8093/metrics → 200 (1ms, 378B)
[2026-09-27T22:12:53.222Z] GET http://localhost:8093/state → 200 (?ms, 5446B)
[2026-09-27T22:12:54.225Z] GET http://localhost:8093/metrics → 200 (?ms, 378B)
[2026-09-27T22:12:55.222Z] GET http://localhost:8093/metrics → 200 (1ms, 378B)
[2026-09-27T22:12:56.225Z] GET http://localhost:8093/metrics → 200 (?ms, 462B)
[2026-09-27T22:12:56.225Z] GET http://localhost:8093/state → 200 (?ms, 5446B)
[2026-09-27T22:12:57.222Z] GET http://localhost:8093/metrics → 200 (2ms, 378B)
[2026-09-27T22:12:58.223Z] GET http://localhost:8093/metrics → 200 (2ms, 378B)
[2026-09-27T22:12:59.223Z] GET http://localhost:8093/metrics → 200 (6ms, 378B)
[2026-09-27T22:12:59.223Z] GET http://localhost:8093/state → 200 (6ms, 5446B)
[2026-09-27T22:13:00.221Z] GET http://localhost:8093/metrics → 200 (1ms, 395B)
[2026-09-27T22:13:01.229Z] GET http://localhost:8093/metrics → 200 (?ms, 462B)
[2026-09-27T22:13:02.221Z] GET http://localhost:8093/metrics → 200 (1ms, 462B)
[2026-09-27T22:13:02.221Z] GET http://localhost:8093/state → 200 (2ms, 5446B)
[2026-09-27T22:13:03.223Z] GET http://localhost:8093/metrics → 200 (?ms, 378B)
[2026-09-27T22:13:04.223Z] GET http://localhost:8093/metrics → 200 (?ms, 459B)
[2026-09-27T22:13:05.227Z] GET http://localhost:8093/metrics → 200 (2ms, 463B)
[2026-09-27T22:13:05.227Z] GET http://localhost:8093/state → 200 (2ms, 5446B)
[2026-09-27T22:13:06.223Z] GET http://localhost:8093/metrics → 200 (2ms, 460B)
[2026-09-27T22:13:07.222Z] GET http://localhost:8093/metrics → 200 (?ms, 377B)
[2026-09-27T22:13:08.224Z] GET http://localhost:8093/metrics → 200 (3ms, 377B)
[2026-09-27T22:13:08.227Z] GET http://localhost:8093/state → 200 (2ms, 5446B)
[2026-09-27T22:13:09.225Z] GET http://localhost:8093/metrics → 200 (2ms, 377B)
[2026-09-27T22:13:10.222Z] GET http://localhost:8093/metrics → 200 (3ms, 377B)
[2026-09-27T22:13:11.224Z] GET http://localhost:8093/metrics → 200 (6ms, 377B)
[2026-09-27T22:13:11.230Z] GET http://localhost:8093/state → 200 (1ms, 5446B)
[2026-09-27T22:13:12.225Z] GET http://localhost:8093/metrics → 200 (1ms, 377B)
[2026-09-27T22:13:13.223Z] GET http://localhost:8093/metrics → 200 (3ms, 377B)
[2026-09-27T22:13:14.223Z] GET http://localhost:8093/metrics → 200 (4ms, 377B)
[2026-09-27T22:13:14.227Z] GET http://localhost:8093/state → 200 (1ms, 5446B)
[2026-09-27T22:13:15.224Z] GET http://localhost:8093/metrics → 200 (2ms, 377B)
[2026-09-27T22:13:16.224Z] GET http://localhost:8093/metrics → 200 (3ms, 377B)
[2026-09-27T22:13:17.222Z] GET http://localhost:8093/metrics → 200 (1ms, 377B)
[2026-09-27T22:13:17.223Z] GET http://localhost:8093/state → 200 (?ms, 5842B)
[2026-09-27T22:13:18.222Z] GET http://localhost:8093/metrics → 200 (2ms, 426B)
[2026-09-27T22:13:19.229Z] GET http://localhost:8093/metrics → 200 (1ms, 377B)
[2026-09-27T22:13:20.227Z] GET http://localhost:8093/metrics → 200 (2ms, 377B)
[2026-09-27T22:13:20.227Z] GET http://localhost:8093/state → 200 (2ms, 5842B)
[2026-09-27T22:13:21.232Z] GET http://localhost:8093/metrics → 200 (?ms, 377B)
[2026-09-27T22:13:22.228Z] GET http://localhost:8093/metrics → 200 (?ms, 377B)
[2026-09-27T22:13:23.224Z] GET http://localhost:8093/metrics → pending (?ms, ?B)
[2026-09-27T22:13:23.232Z] GET http://localhost:8093/state → 200 (?ms, 5842B)
[2026-09-27T22:13:24.226Z] GET http://localhost:8093/metrics → 200 (3ms, ?B)
[2026-09-27T22:13:25.227Z] GET http://localhost:8093/metrics → 200 (1ms, 377B)
[2026-09-27T22:13:26.229Z] GET http://localhost:8093/metrics → pending (?ms, ?B)
[2026-09-27T22:13:26.229Z] GET http://localhost:8093/state → pending (?ms, ?B)
[2026-09-27T22:13:27.227Z] GET http://localhost:8093/metrics → 200 (2ms, ?B)
[2026-09-27T22:13:28.224Z] GET http://localhost:8093/metrics → 200 (4ms, 377B)
[2026-09-27T22:13:29.224Z] GET http://localhost:8093/metrics → 200 (3ms, 377B)
[2026-09-27T22:13:29.227Z] GET http://localhost:8093/state → 200 (1ms, 5842B)
[2026-09-27T22:13:30.227Z] GET http://localhost:8093/metrics → 200 (1ms, 377B)
[2026-09-27T22:13:31.225Z] GET http://localhost:8093/metrics → 200 (2ms, 377B)
[2026-09-27T22:13:32.225Z] GET http://localhost:8093/metrics → 200 (6ms, ?B)
[2026-09-27T22:13:32.231Z] GET http://localhost:8093/state → 200 (1ms, ?B)
[2026-09-27T22:13:33.225Z] GET http://localhost:8093/metrics → 200 (2ms, 377B)
[2026-09-27T22:13:34.226Z] GET http://localhost:8093/metrics → 200 (2ms, 377B)
[2026-09-27T22:13:35.227Z] GET http://localhost:8093/metrics → 200 (2ms, 377B)
[2026-09-27T22:13:35.227Z] GET http://localhost:8093/state → 200 (3ms, 5842B)
[2026-09-27T22:13:36.223Z] GET http://localhost:8093/metrics → 200 (5ms, 377B)
[2026-09-27T22:13:37.222Z] GET http://localhost:8093/metrics → 200 (?ms, 377B)
[2026-09-27T22:13:38.222Z] GET http://localhost:8093/metrics → 200 (?ms, 377B)
[2026-09-27T22:13:38.222Z] GET http://localhost:8093/state → 200 (3ms, 5842B)
[2026-09-27T22:13:39.223Z] GET http://localhost:8093/metrics → 200 (1ms, 377B)
[2026-09-27T22:13:40.224Z] GET http://localhost:8093/metrics → 200 (3ms, 377B)
[2026-09-27T22:13:41.222Z] GET http://localhost:8093/metrics → 200 (7ms, 377B)
[2026-09-27T22:13:41.229Z] GET http://localhost:8093/state → 200 (?ms, 5842B)
[2026-09-27T22:13:42.228Z] GET http://localhost:8093/metrics → 200 (1ms, 377B)
[2026-09-27T22:13:43.224Z] GET http://localhost:8093/metrics → 200 (2ms, 377B)
[2026-09-27T22:13:44.226Z] GET http://localhost:8093/metrics → 200 (3ms, 377B)
[2026-09-27T22:13:44.226Z] GET http://localhost:8093/state → 200 (3ms, 5842B)
[2026-09-27T22:13:45.223Z] GET http://localhost:8093/metrics → 200 (3ms, 377B)
[2026-09-27T22:13:46.223Z] GET http://localhost:8093/metrics → 200 (3ms, 377B)
[2026-09-27T22:13:47.224Z] GET http://localhost:8093/metrics → 200 (5ms, 377B)
[2026-09-27T22:13:47.229Z] GET http://localhost:8093/state → 200 (?ms, 5842B)
[2026-09-27T22:13:48.226Z] GET http://localhost:8093/metrics → 200 (2ms, 377B)
[2026-09-27T22:13:49.223Z] GET http://localhost:8093/metrics → 200 (3ms, 377B)
[2026-09-27T22:13:50.224Z] GET http://localhost:8093/metrics → 200 (3ms, 377B)
[2026-09-27T22:13:50.227Z] GET http://localhost:8093/state → 200 (4ms, 5842B)
[2026-09-27T22:13:51.224Z] GET http://localhost:8093/metrics → 200 (3ms, 377B)
[2026-09-27T22:13:52.225Z] GET http://localhost:8093/metrics → 200 (2ms, 377B)
[2026-09-27T22:13:53.228Z] GET http://localhost:8093/metrics → 200 (3ms, 377B)
[2026-09-27T22:13:53.228Z] GET http://localhost:8093/state → 200 (3ms, 5842B)
[2026-09-27T22:13:54.227Z] GET http://localhost:8093/metrics → 200 (1ms, 377B)
[2026-09-27T22:13:55.227Z] GET http://localhost:8093/metrics → 200 (2ms, 377B)
[2026-09-27T22:13:56.227Z] GET http://localhost:8093/metrics → 200 (1ms, 377B)
[2026-09-27T22:13:56.227Z] GET http://localhost:8093/state → 200 (2ms, 5842B)
[2026-09-27T22:13:57.223Z] GET http://localhost:8093/metrics → 200 (3ms, 377B)
[2026-09-27T22:13:58.227Z] GET http://localhost:8093/metrics → 200 (2ms, 377B)
[2026-09-27T22:13:59.229Z] GET http://localhost:8093/metrics → 200 (?ms, 377B)
[2026-09-27T22:13:59.229Z] GET http://localhost:8093/state → 200 (?ms, 5842B)
[2026-09-27T22:14:00.226Z] GET http://localhost:8093/metrics → 200 (1ms, 377B)
[2026-09-27T22:14:01.223Z] GET http://localhost:8093/metrics → 200 (3ms, 377B)
[2026-09-27T22:14:02.223Z] GET http://localhost:8093/metrics → 200 (4ms, 377B)
[2026-09-27T22:14:02.227Z] GET http://localhost:8093/state → 200 (2ms, 5842B)
[2026-09-27T22:14:03.222Z] GET http://localhost:8093/metrics → 200 (3ms, 377B)
[2026-09-27T22:14:04.222Z] GET http://localhost:8093/metrics → 200 (4ms, 377B)
[2026-09-27T22:14:05.224Z] GET http://localhost:8093/metrics → 200 (7ms, 377B)
[2026-09-27T22:14:05.231Z] GET http://localhost:8093/state → 200 (2ms, 5842B)
[2026-09-27T22:14:06.227Z] GET http://localhost:8093/metrics → 200 (2ms, 377B)
[2026-09-27T22:14:07.223Z] GET http://localhost:8093/metrics → 200 (3ms, 377B)
[2026-09-27T22:14:08.224Z] GET http://localhost:8093/metrics → 200 (4ms, 377B)
[2026-09-27T22:14:08.228Z] GET http://localhost:8093/state → 200 (1ms, 5842B)
[2026-09-27T22:14:09.223Z] GET http://localhost:8093/metrics → 200 (3ms, 377B)
[2026-09-27T22:14:10.226Z] GET http://localhost:8093/metrics → 200 (1ms, 377B)
[2026-09-27T22:14:11.221Z] GET http://localhost:8093/metrics → 200 (2ms, 377B)
[2026-09-27T22:14:11.222Z] GET http://localhost:8093/state → 200 (2ms, 5842B)
[2026-09-27T22:14:12.226Z] GET http://localhost:8093/metrics → 200 (1ms, 377B)
[2026-09-27T22:14:13.225Z] GET http://localhost:8093/metrics → 200 (2ms, 377B)
[2026-09-27T22:14:14.221Z] GET http://localhost:8093/metrics → 200 (2ms, 377B)
[2026-09-27T22:14:14.223Z] GET http://localhost:8093/state → 200 (1ms, 5842B)
[2026-09-27T22:14:15.226Z] GET http://localhost:8093/metrics → 200 (?ms, 377B)
[2026-09-27T22:14:16.222Z] GET http://localhost:8093/metrics → 200 (?ms, 377B)
[2026-09-27T22:14:17.223Z] GET http://localhost:8093/metrics → 200 (1ms, 377B)
[2026-09-27T22:14:17.223Z] GET http://localhost:8093/state → 200 (1ms, 5842B)
[2026-09-27T22:14:18.221Z] GET http://localhost:8093/metrics → 200 (1ms, 377B)
[2026-09-27T22:14:19.222Z] GET http://localhost:8093/metrics → 200 (1ms, 377B)
[2026-09-27T22:14:20.222Z] GET http://localhost:8093/metrics → 200 (?ms, 377B)
[2026-09-27T22:14:20.222Z] GET http://localhost:8093/state → 200 (1ms, 5842B)
[2026-09-27T22:14:21.220Z] GET http://localhost:8093/metrics → 200 (1ms, 377B)
[2026-09-27T22:14:22.224Z] GET http://localhost:8093/metrics → 200 (1ms, 377B)
[2026-09-27T22:14:23.222Z] GET http://localhost:8093/metrics → 200 (?ms, 377B)
[2026-09-27T22:14:23.222Z] GET http://localhost:8093/state → 200 (1ms, 5842B)
[2026-09-27T22:14:24.220Z] GET http://localhost:8093/metrics → 200 (1ms, 377B)
[2026-09-27T22:14:25.222Z] GET http://localhost:8093/metrics → 200 (1ms, 377B)
[2026-09-27T22:14:26.221Z] GET http://localhost:8093/metrics → 200 (1ms, 377B)
[2026-09-27T22:14:26.221Z] GET http://localhost:8093/state → 200 (1ms, 5842B)
[2026-09-27T22:14:27.222Z] GET http://localhost:8093/metrics → 200 (1ms, 377B)
[2026-09-27T22:14:28.222Z] GET http://localhost:8093/metrics → 200 (1ms, 377B)
[2026-09-27T22:14:29.227Z] GET http://localhost:8093/metrics → 200 (?ms, 377B)
[2026-09-27T22:14:29.227Z] GET http://localhost:8093/state → 200 (?ms, 5842B)
[2026-09-27T22:14:30.228Z] GET http://localhost:8093/metrics → 200 (1ms, 377B)
[2026-09-27T22:14:31.242Z] GET http://localhost:8093/metrics → 200 (?ms, 377B)
[2026-09-27T22:14:32.223Z] GET http://localhost:8093/metrics → 200 (1ms, 377B)
[2026-09-27T22:14:32.224Z] GET http://localhost:8093/state → 200 (?ms, 5842B)
[2026-09-27T22:14:33.241Z] GET http://localhost:8093/metrics → 200 (3ms, 377B)
[2026-09-27T22:14:34.228Z] GET http://localhost:8093/metrics → 200 (1ms, 377B)
[2026-09-27T22:14:35.229Z] GET http://localhost:8093/metrics → 200 (2ms, 377B)
[2026-09-27T22:14:35.231Z] GET http://localhost:8093/state → 200 (?ms, 5842B)
[2026-09-27T22:14:36.224Z] GET http://localhost:8093/metrics → 200 (1ms, 377B)
[2026-09-27T22:14:37.221Z] GET http://localhost:8093/metrics → 200 (1ms, 377B)
[2026-09-27T22:14:38.222Z] GET http://localhost:8093/metrics → 200 (1ms, 377B)
[2026-09-27T22:14:38.222Z] GET http://localhost:8093/state → 200 (1ms, 5842B)
[2026-09-27T22:14:39.221Z] GET http://localhost:8093/metrics → 200 (1ms, 377B)
[2026-09-27T22:14:40.222Z] GET http://localhost:8093/metrics → 200 (3ms, 377B)
[2026-09-27T22:14:41.223Z] GET http://localhost:8093/metrics → 200 (5ms, 377B)
[2026-09-27T22:14:41.228Z] GET http://localhost:8093/state → 200 (1ms, 5842B)
[2026-09-27T22:14:42.223Z] GET http://localhost:8093/metrics → 200 (3ms, 377B)
[2026-09-27T22:14:43.222Z] GET http://localhost:8093/metrics → 200 (3ms, 377B)
[2026-09-27T22:14:44.224Z] GET http://localhost:8093/metrics → 200 (7ms, 377B)
[2026-09-27T22:14:44.231Z] GET http://localhost:8093/state → 200 (1ms, 5842B)
[2026-09-27T22:14:45.223Z] GET http://localhost:8093/metrics → 200 (4ms, 377B)
[2026-09-27T22:14:46.223Z] GET http://localhost:8093/metrics → 200 (2ms, 377B)
[2026-09-27T22:14:47.223Z] GET http://localhost:8093/metrics → 200 (4ms, 377B)
[2026-09-27T22:14:47.227Z] GET http://localhost:8093/state → 200 (1ms, 5842B)
[2026-09-27T22:14:48.221Z] GET http://localhost:8093/metrics → 200 (1ms, 377B)
[2026-09-27T22:14:49.224Z] GET http://localhost:8093/metrics → 200 (1ms, 377B)
[2026-09-27T22:14:50.224Z] GET http://localhost:8093/metrics → 200 (3ms, 377B)
[2026-09-27T22:14:50.227Z] GET http://localhost:8093/state → 200 (1ms, 5842B)
[2026-09-27T22:14:51.225Z] GET http://localhost:8093/metrics → 200 (?ms, 377B)
[2026-09-27T22:14:52.222Z] GET http://localhost:8093/metrics → 200 (6ms, 377B)
[2026-09-27T22:14:53.223Z] GET http://localhost:8093/metrics → 200 (?ms, 377B)
[2026-09-27T22:14:53.223Z] GET http://localhost:8093/state → 200 (4ms, 5842B)
[2026-09-27T22:14:54.223Z] GET http://localhost:8093/metrics → 200 (1ms, 377B)
[2026-09-27T22:14:55.222Z] GET http://localhost:8093/metrics → 200 (?ms, 377B)
[2026-09-27T22:14:56.221Z] GET http://localhost:8093/metrics → 200 (1ms, 377B)
[2026-09-27T22:14:56.222Z] GET http://localhost:8093/state → 200 (1ms, 5842B)
[2026-09-27T22:14:57.221Z] GET http://localhost:8093/metrics → 200 (1ms, 377B)
[2026-09-27T22:14:58.221Z] GET http://localhost:8093/metrics → 200 (1ms, 377B)
[2026-09-27T22:14:59.221Z] GET http://localhost:8093/metrics → 200 (3ms, 377B)
[2026-09-27T22:14:59.222Z] GET http://localhost:8093/state → 200 (2ms, 5842B)
[2026-09-27T22:15:00.221Z] GET http://localhost:8093/metrics → 200 (1ms, 377B)
[2026-09-27T22:15:01.221Z] GET http://localhost:8093/metrics → 200 (1ms, 377B)
[2026-09-27T22:15:02.220Z] GET http://localhost:8093/metrics → 200 (2ms, 377B)
[2026-09-27T22:15:02.222Z] GET http://localhost:8093/state → 200 (?ms, 5842B)
[2026-09-27T22:15:03.222Z] GET http://localhost:8093/metrics → 200 (?ms, 377B)
[2026-09-27T22:15:04.222Z] GET http://localhost:8093/metrics → 200 (?ms, 377B)
[2026-09-27T22:15:05.221Z] GET http://localhost:8093/metrics → 200 (1ms, 377B)
[2026-09-27T22:15:05.221Z] GET http://localhost:8093/state → 200 (1ms, 5842B)
[2026-09-27T22:15:06.223Z] GET http://localhost:8093/metrics → 200 (1ms, 377B)
[2026-09-27T22:15:07.223Z] GET http://localhost:8093/metrics → 200 (2ms, 377B)
[2026-09-27T22:15:08.223Z] GET http://localhost:8093/metrics → 200 (2ms, 377B)
[2026-09-27T22:15:08.223Z] GET http://localhost:8093/state → 200 (2ms, 5842B)
[2026-09-27T22:15:09.222Z] GET http://localhost:8093/metrics → 200 (3ms, 377B)
[2026-09-27T22:15:10.222Z] GET http://localhost:8093/metrics → 200 (?ms, 377B)
[2026-09-27T22:15:11.221Z] GET http://localhost:8093/metrics → 200 (1ms, 377B)
[2026-09-27T22:15:11.222Z] GET http://localhost:8093/state → 200 (1ms, 5842B)
[2026-09-27T22:15:12.223Z] GET http://localhost:8093/metrics → 200 (?ms, 377B)
[2026-09-27T22:15:13.221Z] GET http://localhost:8093/metrics → 200 (1ms, 377B)
[2026-09-27T22:15:14.224Z] GET http://localhost:8093/metrics → 200 (1ms, 377B)
[2026-09-27T22:15:14.224Z] GET http://localhost:8093/state → 200 (1ms, 5842B)
[2026-09-27T22:15:15.228Z] GET http://localhost:8093/metrics → 200 (1ms, 377B)
[2026-09-27T22:15:16.222Z] GET http://localhost:8093/metrics → 200 (1ms, 377B)
[2026-09-27T22:15:17.225Z] GET http://localhost:8093/metrics → 200 (4ms, 377B)
[2026-09-27T22:15:17.228Z] GET http://localhost:8093/state → 200 (2ms, 5842B)
[2026-09-27T22:15:18.226Z] GET http://localhost:8093/metrics → 200 (3ms, 377B)
[2026-09-27T22:15:19.225Z] GET http://localhost:8093/metrics → 200 (2ms, 377B)
[2026-09-27T22:15:20.230Z] GET http://localhost:8093/metrics → 200 (1ms, 377B)
[2026-09-27T22:15:20.230Z] GET http://localhost:8093/state → 200 (1ms, 5842B)
[2026-09-27T22:15:21.224Z] GET http://localhost:8093/metrics → 200 (2ms, 377B)
[2026-09-27T22:15:22.221Z] GET http://localhost:8093/metrics → 200 (1ms, 377B)
[2026-09-27T22:15:23.224Z] GET http://localhost:8093/metrics → 200 (4ms, 377B)
[2026-09-27T22:15:23.228Z] GET http://localhost:8093/state → 200 (2ms, 5842B)
[2026-09-27T22:15:24.226Z] GET http://localhost:8093/metrics → 200 (3ms, 377B)
[2026-09-27T22:15:25.224Z] GET http://localhost:8093/metrics → 200 (3ms, 377B)
[2026-09-27T22:15:26.223Z] GET http://localhost:8093/metrics → 200 (7ms, 377B)
[2026-09-27T22:15:26.230Z] GET http://localhost:8093/state → 200 (?ms, 5842B)
[2026-09-27T22:15:27.225Z] GET http://localhost:8093/metrics → 200 (3ms, 377B)
[2026-09-27T22:15:28.224Z] GET http://localhost:8093/metrics → 200 (4ms, 377B)
[2026-09-27T22:15:29.223Z] GET http://localhost:8093/metrics → 200 (5ms, 377B)
[2026-09-27T22:15:29.228Z] GET http://localhost:8093/state → 200 (1ms, 5842B)
[2026-09-27T22:15:30.224Z] GET http://localhost:8093/metrics → 200 (3ms, 377B)
[2026-09-27T22:15:31.223Z] GET http://localhost:8093/metrics → 200 (3ms, 377B)
[2026-09-27T22:15:32.223Z] GET http://localhost:8093/metrics → 200 (7ms, 377B)
[2026-09-27T22:15:32.229Z] GET http://localhost:8093/state → 200 (1ms, 5842B)
[2026-09-27T22:15:33.222Z] GET http://localhost:8093/metrics → 200 (1ms, 377B)
[2026-09-27T22:15:34.222Z] GET http://localhost:8093/metrics → 200 (1ms, 377B)
[2026-09-27T22:15:35.222Z] GET http://localhost:8093/metrics → 200 (4ms, 370B)
[2026-09-27T22:15:35.224Z] GET http://localhost:8093/state → 200 (2ms, 342B)
[2026-09-27T22:15:36.119Z] GET http://localhost:8093/state → 200 (6ms, 4190B)
[2026-09-27T22:15:36.119Z] GET http://localhost:8093/state → 200 (1ms, 2976B)
[2026-09-27T22:15:36.125Z] GET http://localhost:8093/state → 200 (1ms, 3624B)
[2026-09-27T22:15:36.127Z] GET http://localhost:8093/state → 200 (1ms, 4190B)
[2026-09-27T22:15:36.127Z] GET http://localhost:8093/state → 200 (1ms, 3624B)
[2026-09-27T22:15:36.131Z] GET http://localhost:8093/state → 200 (?ms, 4420B)
[2026-09-27T22:15:36.175Z] GET http://localhost:8093/state → 200 (1ms, 5332B)
[2026-09-27T22:15:36.241Z] GET http://localhost:8093/metrics → 200 (1ms, 457B)
[2026-09-27T22:15:36.241Z] GET http://localhost:8093/state → 200 (1ms, 6238B)
[2026-09-27T22:15:37.226Z] GET http://localhost:8093/metrics → 200 (1ms, 460B)
[2026-09-27T22:15:38.090Z] GET http://localhost:8093/state → 200 (?ms, 8396B)
[2026-09-27T22:15:38.233Z] GET http://localhost:8093/metrics → 200 (1ms, 459B)
[2026-09-27T22:15:38.234Z] GET http://localhost:8093/state → 200 (?ms, 8396B)
[2026-09-27T22:15:39.225Z] GET http://localhost:8093/metrics → 200 (4ms, 377B)
[2026-09-27T22:15:40.228Z] GET http://localhost:8093/metrics → 200 (?ms, 377B)
[2026-09-27T22:15:41.222Z] GET http://localhost:8093/metrics → 200 (1ms, 458B)
[2026-09-27T22:15:41.223Z] GET http://localhost:8093/state → 200 (?ms, 8396B)
[2026-09-27T22:15:42.224Z] GET http://localhost:8093/metrics → 200 (1ms, 377B)
[2026-09-27T22:15:43.224Z] GET http://localhost:8093/metrics → 200 (5ms, 377B)
[2026-09-27T22:15:44.223Z] GET http://localhost:8093/metrics → 200 (4ms, 377B)
[2026-09-27T22:15:44.223Z] GET http://localhost:8093/state → 200 (4ms, 8396B)
[2026-09-27T22:15:45.224Z] GET http://localhost:8093/metrics → 200 (2ms, 377B)
[2026-09-27T22:15:46.222Z] GET http://localhost:8093/metrics → 200 (1ms, 461B)
[2026-09-27T22:15:47.222Z] GET http://localhost:8093/metrics → 200 (1ms, 462B)
[2026-09-27T22:15:47.223Z] GET http://localhost:8093/state → 200 (1ms, 8396B)
[2026-09-27T22:15:48.226Z] GET http://localhost:8093/metrics → 200 (1ms, 462B)
[2026-09-27T22:15:49.224Z] GET http://localhost:8093/metrics → 200 (?ms, 462B)
[2026-09-27T22:15:50.221Z] GET http://localhost:8093/metrics → 200 (1ms, 377B)
[2026-09-27T22:15:50.222Z] GET http://localhost:8093/state → 200 (1ms, 8396B)
[2026-09-27T22:15:51.221Z] GET http://localhost:8093/metrics → 200 (1ms, 394B)
[2026-09-27T22:15:52.221Z] GET http://localhost:8093/metrics → 200 (1ms, 377B)
[2026-09-27T22:15:53.222Z] GET http://localhost:8093/metrics → 200 (1ms, 377B)
[2026-09-27T22:15:53.223Z] GET http://localhost:8093/state → 200 (1ms, 8396B)
[2026-09-27T22:15:54.221Z] GET http://localhost:8093/metrics → 200 (1ms, 459B)
[2026-09-27T22:15:55.221Z] GET http://localhost:8093/metrics → 200 (1ms, 377B)
[2026-09-27T22:15:56.222Z] GET http://localhost:8093/metrics → 200 (1ms, 377B)
[2026-09-27T22:15:56.222Z] GET http://localhost:8093/state → 200 (1ms, 8396B)
[2026-09-27T22:15:57.221Z] GET http://localhost:8093/metrics → 200 (1ms, 457B)
[2026-09-27T22:15:58.231Z] GET http://localhost:8093/metrics → 200 (7ms, 444B)
[2026-09-27T22:15:59.224Z] GET http://localhost:8093/metrics → 200 (1ms, 377B)
[2026-09-27T22:15:59.224Z] GET http://localhost:8093/state → 200 (1ms, 8396B)
[2026-09-27T22:16:00.225Z] GET http://localhost:8093/metrics → 200 (1ms, 377B)
[2026-09-27T22:16:01.221Z] GET http://localhost:8093/metrics → 200 (1ms, 377B)
[2026-09-27T22:16:02.227Z] GET http://localhost:8093/metrics → 200 (2ms, 462B)
[2026-09-27T22:16:02.227Z] GET http://localhost:8093/state → 200 (1ms, 8396B)
[2026-09-27T22:16:03.222Z] GET http://localhost:8093/metrics → 200 (?ms, 461B)
[2026-09-27T22:16:04.222Z] GET http://localhost:8093/metrics → 200 (?ms, 377B)
[2026-09-27T22:16:05.221Z] GET http://localhost:8093/metrics → 200 (1ms, 377B)
[2026-09-27T22:16:05.222Z] GET http://localhost:8093/state → 200 (1ms, 8396B)
[2026-09-27T22:16:06.223Z] GET http://localhost:8093/metrics → 200 (?ms, 377B)
[2026-09-27T22:16:07.222Z] GET http://localhost:8093/metrics → 200 (?ms, 377B)
[2026-09-27T22:16:08.222Z] GET http://localhost:8093/metrics → 200 (1ms, 461B)
[2026-09-27T22:16:08.222Z] GET http://localhost:8093/state → 200 (1ms, 8396B)
[2026-09-27T22:16:09.221Z] GET http://localhost:8093/metrics → 200 (1ms, 461B)
[2026-09-27T22:16:10.221Z] GET http://localhost:8093/metrics → 200 (1ms, 458B)
[2026-09-27T22:16:11.221Z] GET http://localhost:8093/metrics → 200 (1ms, 457B)
[2026-09-27T22:16:11.222Z] GET http://localhost:8093/state → 200 (1ms, 8610B)
[2026-09-27T22:16:12.229Z] GET http://localhost:8093/metrics → 200 (?ms, 444B)
[2026-09-27T22:16:13.222Z] GET http://localhost:8093/metrics → 200 (?ms, 445B)
[2026-09-27T22:16:14.227Z] GET http://localhost:8093/metrics → 200 (?ms, 458B)
[2026-09-27T22:16:14.227Z] GET http://localhost:8093/state → 200 (?ms, 8610B)
[2026-09-27T22:16:15.221Z] GET http://localhost:8093/metrics → 200 (1ms, 377B)
[2026-09-27T22:16:15.657Z] GET http://localhost:8093/ → 200 (5ms, 40334B)
[2026-09-27T22:16:15.700Z] GET http://localhost:8093/problem?format=dimacs → 200 (18ms, 32196B)
[2026-09-27T22:16:15.700Z] GET http://localhost:8093/state → 200 (18ms, 8610B)
[2026-09-27T22:16:15.700Z] GET http://localhost:8093/metrics → 200 (18ms, 377B)
[2026-09-27T22:16:16.706Z] GET http://localhost:8093/metrics → 200 (1ms, 425B)
[2026-09-27T22:16:17.318Z] GET http://localhost:8093/state → 200 (1ms, 8923B)
[2026-09-27T22:16:17.700Z] GET http://localhost:8093/metrics → 200 (1ms, 461B)
[2026-09-27T22:16:18.700Z] GET http://localhost:8093/metrics → 200 (1ms, 444B)
[2026-09-27T22:16:18.700Z] GET http://localhost:8093/state → 200 (1ms, 8923B)
[2026-09-27T22:16:19.715Z] GET http://localhost:8093/metrics → 200 (1ms, 457B)
[2026-09-27T22:16:20.700Z] GET http://localhost:8093/metrics → 200 (1ms, 444B)
[2026-09-27T22:16:21.700Z] GET http://localhost:8093/metrics → 200 (?ms, 461B)
[2026-09-27T22:16:21.700Z] GET http://localhost:8093/state → 200 (1ms, 9138B)
[2026-09-27T22:16:22.706Z] GET http://localhost:8093/metrics → 200 (2ms, 377B)
[2026-09-27T22:16:23.702Z] GET http://localhost:8093/metrics → 200 (1ms, 462B)
[2026-09-27T22:16:24.701Z] GET http://localhost:8093/metrics → 200 (1ms, 377B)
[2026-09-27T22:16:24.702Z] GET http://localhost:8093/state → 200 (1ms, 9138B)
[2026-09-27T22:16:25.704Z] GET http://localhost:8093/metrics → 200 (6ms, 377B)
[2026-09-27T22:16:26.701Z] GET http://localhost:8093/metrics → 200 (1ms, 377B)
[2026-09-27T22:16:27.702Z] GET http://localhost:8093/metrics → 200 (2ms, 377B)
[2026-09-27T22:16:27.702Z] GET http://localhost:8093/state → 200 (2ms, 9138B)
[2026-09-27T22:16:28.703Z] GET http://localhost:8093/metrics → 200 (2ms, 377B)
[2026-09-27T22:16:29.701Z] GET http://localhost:8093/metrics → 200 (1ms, 377B)
[2026-09-27T22:16:30.701Z] GET http://localhost:8093/metrics → 200 (2ms, 377B)
[2026-09-27T22:16:30.703Z] GET http://localhost:8093/state → 200 (?ms, 9138B)
[2026-09-27T22:16:31.702Z] GET http://localhost:8093/metrics → 200 (1ms, 377B)
[2026-09-27T22:16:32.707Z] GET http://localhost:8093/metrics → 200 (?ms, 376B)
[2026-09-27T22:16:33.702Z] GET http://localhost:8093/metrics → 200 (3ms, 457B)
[2026-09-27T22:16:33.702Z] GET http://localhost:8093/state → 200 (3ms, 9138B)
[2026-09-27T22:16:34.706Z] GET http://localhost:8093/metrics → 200 (?ms, 393B)
[2026-09-27T22:16:35.702Z] GET http://localhost:8093/metrics → 200 (?ms, 461B)
[2026-09-27T22:16:36.703Z] GET http://localhost:8093/metrics → 200 (8ms, 376B)
[2026-09-27T22:16:36.703Z] GET http://localhost:8093/state → 200 (8ms, 9138B)
[2026-09-27T22:16:37.701Z] GET http://localhost:8093/metrics → 200 (1ms, 376B)
[2026-09-27T22:16:38.736Z] GET http://localhost:8093/metrics → pending (?ms, ?B)
[2026-09-27T22:16:39.612Z] GET http://localhost:8093/state → 200 (13ms, 3886B)
[2026-09-27T22:16:39.661Z] GET http://localhost:8093/state → 200 (?ms, 4138B)
[2026-09-27T22:16:39.722Z] GET http://localhost:8093/metrics → 200 (5ms, 376B)
[2026-09-27T22:16:39.722Z] GET http://localhost:8093/state → 200 (5ms, 5126B)
[2026-09-27T22:16:39.739Z] GET http://localhost:8093/state → 200 (?ms, 5572B)
[2026-09-27T22:16:40.254Z] GET http://localhost:8093/state → 200 (1ms, 7155B)
[2026-09-27T22:16:40.710Z] GET http://localhost:8093/metrics → 200 (?ms, 460B)
[2026-09-27T22:16:41.700Z] GET http://localhost:8093/metrics → 200 (1ms, 457B)
[2026-09-27T22:16:42.701Z] GET http://localhost:8093/metrics → 200 (?ms, 461B)
[2026-09-27T22:16:42.701Z] GET http://localhost:8093/state → 200 (1ms, 7544B)
[2026-09-27T22:16:43.700Z] GET http://localhost:8093/metrics → 200 (1ms, 377B)
[2026-09-27T22:16:44.699Z] GET http://localhost:8093/metrics → 200 (1ms, 460B)
[2026-09-27T22:16:45.705Z] GET http://localhost:8093/metrics → 200 (1ms, 377B)
[2026-09-27T22:16:45.705Z] GET http://localhost:8093/state → 200 (1ms, 7544B)
[2026-09-27T22:16:46.700Z] GET http://localhost:8093/metrics → 200 (1ms, 460B)
[2026-09-27T22:16:47.700Z] GET http://localhost:8093/metrics → 200 (1ms, 460B)
[2026-09-27T22:16:48.705Z] GET http://localhost:8093/metrics → 200 (1ms, 376B)
[2026-09-27T22:16:48.705Z] GET http://localhost:8093/state → 200 (1ms, 7544B)
[2026-09-27T22:16:49.701Z] GET http://localhost:8093/metrics → 200 (?ms, 460B)
[2026-09-27T22:16:50.700Z] GET http://localhost:8093/metrics → 200 (1ms, 376B)
[2026-09-27T22:16:51.702Z] GET http://localhost:8093/metrics → 200 (1ms, 376B)
[2026-09-27T22:16:51.702Z] GET http://localhost:8093/state → 200 (2ms, 7544B)
[2026-09-27T22:16:52.703Z] GET http://localhost:8093/metrics → 200 (2ms, 443B)
[2026-09-27T22:16:53.705Z] GET http://localhost:8093/metrics → 200 (2ms, 376B)
[2026-09-27T22:16:54.702Z] GET http://localhost:8093/metrics → 200 (2ms, 376B)
[2026-09-27T22:16:54.702Z] GET http://localhost:8093/state → 200 (2ms, 7544B)
[2026-09-27T22:16:55.703Z] GET http://localhost:8093/metrics → 200 (3ms, 376B)
[2026-09-27T22:16:56.701Z] GET http://localhost:8093/metrics → 200 (?ms, 377B)
[2026-09-27T22:16:57.700Z] GET http://localhost:8093/metrics → 200 (2ms, 460B)
[2026-09-27T22:16:57.701Z] GET http://localhost:8093/state → 200 (1ms, 7544B)
[2026-09-27T22:16:58.705Z] GET http://localhost:8093/metrics → 200 (1ms, 460B)
[2026-09-27T22:16:59.700Z] GET http://localhost:8093/metrics → 200 (1ms, 458B)
[2026-09-27T22:17:00.112Z] GET http://localhost:8093/state → 200 (1ms, 7782B)
[2026-09-27T22:17:00.699Z] GET http://localhost:8093/metrics → 200 (1ms, 376B)
[2026-09-27T22:17:00.700Z] GET http://localhost:8093/state → 200 (?ms, 7782B)
[2026-09-27T22:17:01.700Z] GET http://localhost:8093/metrics → 200 (1ms, 444B)
[2026-09-27T22:17:02.700Z] GET http://localhost:8093/metrics → 200 (3ms, 376B)
[2026-09-27T22:17:03.700Z] GET http://localhost:8093/metrics → 200 (1ms, 376B)
[2026-09-27T22:17:03.701Z] GET http://localhost:8093/state → 200 (1ms, 7782B)
[2026-09-27T22:17:04.705Z] GET http://localhost:8093/metrics → 200 (1ms, 460B)
[2026-09-27T22:17:05.700Z] GET http://localhost:8093/metrics → 200 (2ms, 458B)
[2026-09-27T22:17:06.700Z] GET http://localhost:8093/metrics → 200 (1ms, 376B)
[2026-09-27T22:17:06.700Z] GET http://localhost:8093/state → 200 (1ms, 7782B)
[2026-09-27T22:17:07.701Z] GET http://localhost:8093/metrics → 200 (2ms, 376B)
[2026-09-27T22:17:08.700Z] GET http://localhost:8093/metrics → 200 (1ms, 443B)
[2026-09-27T22:17:09.369Z] GET http://localhost:8093/ → 200 (3ms, 40332B)
[2026-09-27T22:17:09.379Z] GET http://localhost:8093/problem?format=dimacs → 200 (8ms, 32196B)
[2026-09-27T22:17:09.379Z] GET http://localhost:8093/state → 200 (8ms, 7782B)
[2026-09-27T22:17:09.379Z] GET http://localhost:8093/metrics → 200 (8ms, 376B)
[2026-09-27T22:17:10.380Z] GET http://localhost:8093/metrics → 200 (1ms, 426B)
[2026-09-27T22:17:11.385Z] GET http://localhost:8093/metrics → 200 (2ms, 376B)
[2026-09-27T22:17:12.383Z] GET http://localhost:8093/metrics → 200 (1ms, 376B)
[2026-09-27T22:17:12.383Z] GET http://localhost:8093/state → 200 (1ms, 7782B)
[2026-09-27T22:17:13.380Z] GET http://localhost:8093/metrics → 200 (1ms, 460B)
[2026-09-27T22:17:14.379Z] GET http://localhost:8093/metrics → 200 (2ms, 461B)
[2026-09-27T22:17:15.382Z] GET http://localhost:8093/metrics → 200 (?ms, 458B)
[2026-09-27T22:17:15.382Z] GET http://localhost:8093/state → 200 (?ms, 7782B)
[2026-09-27T22:17:16.384Z] GET http://localhost:8093/metrics → 200 (1ms, 443B)
[2026-09-27T22:17:17.384Z] GET http://localhost:8093/metrics → 200 (?ms, 376B)
[2026-09-27T22:17:18.382Z] GET http://localhost:8093/metrics → 200 (1ms, 376B)
[2026-09-27T22:17:18.383Z] GET http://localhost:8093/state → 200 (?ms, 7782B)
[2026-09-27T22:17:19.384Z] GET http://localhost:8093/metrics → 200 (4ms, 458B)
[2026-09-27T22:17:20.388Z] GET http://localhost:8093/metrics → 200 (1ms, 377B)
[2026-09-27T22:17:21.383Z] GET http://localhost:8093/metrics → 200 (2ms, 377B)
[2026-09-27T22:17:21.383Z] GET http://localhost:8093/state → 200 (2ms, 7782B)
[2026-09-27T22:17:22.385Z] GET http://localhost:8093/metrics → 200 (?ms, 394B)
[2026-09-27T22:17:23.380Z] GET http://localhost:8093/metrics → 200 (1ms, 462B)
[2026-09-27T22:17:24.382Z] GET http://localhost:8093/metrics → 200 (3ms, 377B)
[2026-09-27T22:17:24.382Z] GET http://localhost:8093/state → 200 (3ms, 7782B)
[2026-09-27T22:17:25.383Z] GET http://localhost:8093/metrics → 200 (?ms, 377B)
[2026-09-27T22:17:26.381Z] GET http://localhost:8093/metrics → 200 (1ms, 377B)
[2026-09-27T22:17:27.381Z] GET http://localhost:8093/metrics → 200 (1ms, 377B)
[2026-09-27T22:17:27.381Z] GET http://localhost:8093/state → 200 (1ms, 7782B)
[2026-09-27T22:17:28.381Z] GET http://localhost:8093/metrics → 200 (1ms, 377B)
[2026-09-27T22:17:29.386Z] GET http://localhost:8093/metrics → 200 (1ms, 377B)
[2026-09-27T22:17:30.384Z] GET http://localhost:8093/metrics → 200 (3ms, 377B)
[2026-09-27T22:17:30.384Z] GET http://localhost:8093/state → 200 (3ms, 7782B)
[2026-09-27T22:17:31.394Z] GET http://localhost:8093/metrics → 200 (9ms, 377B)
[2026-09-27T22:17:32.383Z] GET http://localhost:8093/metrics → 200 (2ms, 462B)
[2026-09-27T22:17:33.383Z] GET http://localhost:8093/metrics → 200 (?ms, 377B)
[2026-09-27T22:17:33.383Z] GET http://localhost:8093/state → 200 (?ms, 7782B)
[2026-09-27T22:17:34.381Z] GET http://localhost:8093/metrics → 200 (1ms, 377B)
[2026-09-27T22:17:35.387Z] GET http://localhost:8093/metrics → 200 (3ms, 377B)
[2026-09-27T22:17:36.388Z] GET http://localhost:8093/metrics → 200 (2ms, 461B)
[2026-09-27T22:17:36.388Z] GET http://localhost:8093/state → 200 (2ms, 7782B)
[2026-09-27T22:17:37.384Z] GET http://localhost:8093/metrics → 200 (1ms, 445B)
[2026-09-27T22:17:38.383Z] GET http://localhost:8093/metrics → 200 (1ms, 377B)
[2026-09-27T22:17:39.388Z] GET http://localhost:8093/metrics → 200 (4ms, 377B)
[2026-09-27T22:17:39.388Z] GET http://localhost:8093/state → 200 (4ms, 7782B)
[2026-09-27T22:17:40.381Z] GET http://localhost:8093/metrics → 200 (1ms, 377B)
[2026-09-27T22:17:41.382Z] GET http://localhost:8093/metrics → 200 (1ms, 461B)
[2026-09-27T22:17:42.381Z] GET http://localhost:8093/metrics → 200 (1ms, 377B)
[2026-09-27T22:17:42.382Z] GET http://localhost:8093/state → 200 (1ms, 7782B)
[2026-09-27T22:17:43.382Z] GET http://localhost:8093/metrics → 200 (1ms, 377B)
[2026-09-27T22:17:44.381Z] GET http://localhost:8093/metrics → 200 (1ms, 377B)
[2026-09-27T22:17:45.382Z] GET http://localhost:8093/metrics → 200 (2ms, 394B)
[2026-09-27T22:17:45.382Z] GET http://localhost:8093/state → 200 (2ms, 7782B)
[2026-09-27T22:17:46.381Z] GET http://localhost:8093/metrics → 200 (1ms, 377B)
[2026-09-27T22:17:47.382Z] GET http://localhost:8093/metrics → 200 (8ms, 377B)
[2026-09-27T22:17:48.381Z] GET http://localhost:8093/metrics → 200 (?ms, 377B)
[2026-09-27T22:17:48.381Z] GET http://localhost:8093/state → 200 (1ms, 7782B)
[2026-09-27T22:17:49.384Z] GET http://localhost:8093/metrics → 200 (2ms, 461B)
[2026-09-27T22:17:50.380Z] GET http://localhost:8093/metrics → 200 (1ms, 377B)
[2026-09-27T22:17:51.380Z] GET http://localhost:8093/metrics → 200 (1ms, 462B)
[2026-09-27T22:17:51.381Z] GET http://localhost:8093/state → 200 (1ms, 7782B)
[2026-09-27T22:17:52.380Z] GET http://localhost:8093/metrics → 200 (1ms, 377B)
[2026-09-27T22:17:53.380Z] GET http://localhost:8093/metrics → 200 (?ms, 394B)
[2026-09-27T22:17:54.380Z] GET http://localhost:8093/metrics → 200 (1ms, 377B)
[2026-09-27T22:17:54.381Z] GET http://localhost:8093/state → 200 (?ms, 7782B)
[2026-09-27T22:17:55.380Z] GET http://localhost:8093/metrics → 200 (?ms, 377B)
[2026-09-27T22:17:56.380Z] GET http://localhost:8093/metrics → 200 (?ms, 377B)
[2026-09-27T22:17:57.380Z] GET http://localhost:8093/metrics → 200 (1ms, 377B)
[2026-09-27T22:17:57.380Z] GET http://localhost:8093/state → 200 (1ms, 7782B)
[2026-09-27T22:17:58.380Z] GET http://localhost:8093/metrics → 200 (1ms, 377B)
[2026-09-27T22:17:59.380Z] GET http://localhost:8093/metrics → 200 (?ms, 377B)
[2026-09-27T22:18:00.380Z] GET http://localhost:8093/metrics → 200 (1ms, 462B)
[2026-09-27T22:18:00.380Z] GET http://localhost:8093/state → 200 (2ms, 7782B)
[2026-09-27T22:18:01.380Z] GET http://localhost:8093/metrics → 200 (1ms, 459B)
[2026-09-27T22:18:02.380Z] GET http://localhost:8093/metrics → 200 (1ms, 395B)
[2026-09-27T22:18:03.380Z] GET http://localhost:8093/metrics → 200 (?ms, 395B)
[2026-09-27T22:18:03.380Z] GET http://localhost:8093/state → 200 (1ms, 7783B)
[2026-09-27T22:18:04.380Z] GET http://localhost:8093/metrics → 200 (1ms, 378B)
[2026-09-27T22:18:05.380Z] GET http://localhost:8093/metrics → 200 (1ms, 378B)
[2026-09-27T22:18:06.381Z] GET http://localhost:8093/metrics → 200 (?ms, 378B)
[2026-09-27T22:18:06.381Z] GET http://localhost:8093/state → 200 (1ms, 7783B)
[2026-09-27T22:18:07.387Z] GET http://localhost:8093/metrics → 200 (?ms, 457B)
[2026-09-27T22:18:08.379Z] GET http://localhost:8093/metrics → 200 (1ms, 443B)
[2026-09-27T22:18:09.380Z] GET http://localhost:8093/metrics → 200 (1ms, 394B)
[2026-09-27T22:18:09.381Z] GET http://localhost:8093/state → 200 (1ms, 7783B)
[2026-09-27T22:18:10.380Z] GET http://localhost:8093/metrics → 200 (?ms, 377B)
[2026-09-27T22:18:11.380Z] GET http://localhost:8093/metrics → 200 (1ms, 394B)
[2026-09-27T22:18:12.380Z] GET http://localhost:8093/metrics → 200 (1ms, 377B)
[2026-09-27T22:18:12.381Z] GET http://localhost:8093/state → 200 (?ms, 7783B)
[2026-09-27T22:18:13.380Z] GET http://localhost:8093/metrics → 200 (1ms, 377B)
[2026-09-27T22:18:14.384Z] GET http://localhost:8093/metrics → 200 (1ms, 377B)
[2026-09-27T22:18:15.382Z] GET http://localhost:8093/metrics → 200 (3ms, 377B)
[2026-09-27T22:18:15.382Z] GET http://localhost:8093/state → 200 (3ms, 7783B)
[2026-09-27T22:18:16.383Z] GET http://localhost:8093/metrics → 200 (2ms, 377B)
[2026-09-27T22:18:17.388Z] GET http://localhost:8093/metrics → 200 (?ms, 394B)
[2026-09-27T22:18:18.382Z] GET http://localhost:8093/metrics → 200 (6ms, 460B)
[2026-09-27T22:18:18.382Z] GET http://localhost:8093/state → 200 (6ms, 7784B)
[2026-09-27T22:18:19.382Z] GET http://localhost:8093/metrics → 200 (2ms, 377B)
[2026-09-27T22:18:20.381Z] GET http://localhost:8093/metrics → 200 (1ms, 377B)
[2026-09-27T22:18:21.382Z] GET http://localhost:8093/metrics → 200 (2ms, 462B)
[2026-09-27T22:18:21.382Z] GET http://localhost:8093/state → 200 (2ms, 7784B)
[2026-09-27T22:18:22.383Z] GET http://localhost:8093/metrics → 200 (4ms, 377B)
[2026-09-27T22:18:23.385Z] GET http://localhost:8093/metrics → 200 (9ms, 377B)
[2026-09-27T22:18:24.384Z] GET http://localhost:8093/metrics → 200 (3ms, 394B)
[2026-09-27T22:18:24.384Z] GET http://localhost:8093/state → 200 (3ms, 7784B)
[2026-09-27T22:18:25.384Z] GET http://localhost:8093/metrics → 200 (1ms, 390B)
[2026-09-27T22:18:26.380Z] GET http://localhost:8093/metrics → 200 (1ms, 377B)
[2026-09-27T22:18:27.381Z] GET http://localhost:8093/metrics → 200 (1ms, 377B)
[2026-09-27T22:18:27.381Z] GET http://localhost:8093/state → 200 (1ms, 7784B)
[2026-09-27T22:18:28.381Z] GET http://localhost:8093/metrics → 200 (1ms, 377B)
[2026-09-27T22:18:29.380Z] GET http://localhost:8093/metrics → 200 (1ms, 462B)
[2026-09-27T22:18:30.381Z] GET http://localhost:8093/metrics → 200 (1ms, 445B)
[2026-09-27T22:18:30.381Z] GET http://localhost:8093/state → 200 (1ms, 7784B)
[2026-09-27T22:18:31.382Z] GET http://localhost:8093/metrics → 200 (3ms, 378B)
[2026-09-27T22:18:32.381Z] GET http://localhost:8093/metrics → 200 (1ms, 378B)
[2026-09-27T22:18:33.381Z] GET http://localhost:8093/metrics → 200 (1ms, 378B)
[2026-09-27T22:18:33.381Z] GET http://localhost:8093/state → 200 (1ms, 7784B)
[2026-09-27T22:18:34.388Z] GET http://localhost:8093/metrics → 200 (1ms, 463B)
[2026-09-27T22:18:35.380Z] GET http://localhost:8093/metrics → 200 (1ms, 378B)
[2026-09-27T22:18:36.380Z] GET http://localhost:8093/metrics → 200 (2ms, 462B)
[2026-09-27T22:18:36.381Z] GET http://localhost:8093/state → 200 (1ms, 7785B)
[2026-09-27T22:18:37.384Z] GET http://localhost:8093/metrics → 200 (1ms, 378B)
[2026-09-27T22:18:38.382Z] GET http://localhost:8093/metrics → 200 (1ms, 446B)
[2026-09-27T22:18:39.382Z] GET http://localhost:8093/metrics → 200 (1ms, 378B)
[2026-09-27T22:18:39.382Z] GET http://localhost:8093/state → 200 (1ms, 7785B)
[2026-09-27T22:18:40.380Z] GET http://localhost:8093/metrics → 200 (1ms, 378B)
[2026-09-27T22:18:41.381Z] GET http://localhost:8093/metrics → 200 (1ms, 378B)
[2026-09-27T22:18:42.381Z] GET http://localhost:8093/metrics → 200 (2ms, 378B)
[2026-09-27T22:18:42.381Z] GET http://localhost:8093/state → 200 (2ms, 7785B)
[2026-09-27T22:18:43.381Z] GET http://localhost:8093/metrics → 200 (1ms, 378B)
[2026-09-27T22:18:44.385Z] GET http://localhost:8093/metrics → 200 (1ms, 378B)
[2026-09-27T22:18:45.383Z] GET http://localhost:8093/metrics → 200 (5ms, 378B)
[2026-09-27T22:18:45.383Z] GET http://localhost:8093/state → 200 (5ms, 7785B)
[2026-09-27T22:18:46.383Z] GET http://localhost:8093/metrics → 200 (1ms, 378B)
[2026-09-27T22:18:47.382Z] GET http://localhost:8093/metrics → 200 (1ms, 378B)
[2026-09-27T22:18:48.386Z] GET http://localhost:8093/metrics → 200 (2ms, 378B)
[2026-09-27T22:18:48.386Z] GET http://localhost:8093/state → 200 (2ms, 7785B)
[2026-09-27T22:18:49.380Z] GET http://localhost:8093/metrics → 200 (1ms, 378B)
[2026-09-27T22:18:50.380Z] GET http://localhost:8093/metrics → 200 (1ms, 378B)
[2026-09-27T22:18:51.384Z] GET http://localhost:8093/metrics → 200 (2ms, 378B)
[2026-09-27T22:18:51.384Z] GET http://localhost:8093/state → 200 (?ms, 7785B)
[2026-09-27T22:18:52.381Z] GET http://localhost:8093/metrics → 200 (1ms, 394B)
[2026-09-27T22:18:53.380Z] GET http://localhost:8093/metrics → 200 (1ms, 378B)
[2026-09-27T22:18:54.381Z] GET http://localhost:8093/metrics → 200 (2ms, 378B)
[2026-09-27T22:18:54.381Z] GET http://localhost:8093/state → 200 (2ms, 7785B)
[2026-09-27T22:18:55.385Z] GET http://localhost:8093/metrics → 200 (1ms, 378B)
[2026-09-27T22:18:56.380Z] GET http://localhost:8093/metrics → 200 (1ms, 378B)
[2026-09-27T22:18:57.381Z] GET http://localhost:8093/metrics → 200 (1ms, 378B)
[2026-09-27T22:18:57.381Z] GET http://localhost:8093/state → 200 (1ms, 7785B)
[2026-09-27T22:18:58.381Z] GET http://localhost:8093/metrics → 200 (?ms, 378B)
[2026-09-27T22:18:59.381Z] GET http://localhost:8093/metrics → 200 (4ms, 378B)
[2026-09-27T22:19:00.381Z] GET http://localhost:8093/metrics → 200 (?ms, 378B)
[2026-09-27T22:19:00.381Z] GET http://localhost:8093/state → 200 (1ms, 7785B)
[2026-09-27T22:19:01.381Z] GET http://localhost:8093/metrics → 200 (1ms, 378B)
[2026-09-27T22:19:02.380Z] GET http://localhost:8093/metrics → 200 (1ms, 378B)
[2026-09-27T22:19:03.381Z] GET http://localhost:8093/metrics → 200 (?ms, 378B)
[2026-09-27T22:19:03.381Z] GET http://localhost:8093/state → 200 (1ms, 7785B)
[2026-09-27T22:19:04.381Z] GET http://localhost:8093/metrics → 200 (1ms, 395B)
[2026-09-27T22:19:05.381Z] GET http://localhost:8093/metrics → 200 (1ms, 378B)
[2026-09-27T22:19:06.384Z] GET http://localhost:8093/metrics → 200 (6ms, 378B)
[2026-09-27T22:19:06.384Z] GET http://localhost:8093/state → 200 (6ms, 7785B)
[2026-09-27T22:19:07.381Z] GET http://localhost:8093/metrics → 200 (?ms, 378B)
[2026-09-27T22:19:08.386Z] GET http://localhost:8093/metrics → 200 (1ms, 395B)
[2026-09-27T22:19:09.381Z] GET http://localhost:8093/metrics → 200 (?ms, 463B)
[2026-09-27T22:19:09.381Z] GET http://localhost:8093/state → 200 (1ms, 7785B)
[2026-09-27T22:19:10.382Z] GET http://localhost:8093/metrics → 200 (1ms, 462B)
[2026-09-27T22:19:11.383Z] GET http://localhost:8093/metrics → 200 (2ms, 378B)
[2026-09-27T22:19:12.383Z] GET http://localhost:8093/metrics → 200 (7ms, 395B)
[2026-09-27T22:19:12.383Z] GET http://localhost:8093/state → 200 (7ms, 7786B)
[2026-09-27T22:19:13.380Z] GET http://localhost:8093/metrics → 200 (1ms, 378B)
[2026-09-27T22:19:14.381Z] GET http://localhost:8093/metrics → 200 (?ms, 378B)
[2026-09-27T22:19:15.383Z] GET http://localhost:8093/metrics → 200 (1ms, 378B)
[2026-09-27T22:19:15.383Z] GET http://localhost:8093/state → 200 (1ms, 7786B)
[2026-09-27T22:19:16.380Z] GET http://localhost:8093/metrics → pending (?ms, ?B)
[2026-09-27T22:19:17.383Z] GET http://localhost:8093/metrics → pending (?ms, ?B)
[2026-09-27T22:19:18.381Z] GET http://localhost:8093/metrics → pending (?ms, ?B)
[2026-09-27T22:19:18.381Z] GET http://localhost:8093/state → pending (?ms, ?B)
[2026-09-27T22:19:19.391Z] GET http://localhost:8093/metrics → pending (?ms, ?B)
[2026-09-27T22:19:20.381Z] GET http://localhost:8093/metrics → pending (?ms, ?B)
[2026-09-27T22:19:21.380Z] GET http://localhost:8093/metrics → pending (?ms, ?B)
[2026-09-27T22:19:21.381Z] GET http://localhost:8093/state → pending (?ms, ?B)
[2026-09-27T22:19:22.381Z] GET http://localhost:8093/metrics → pending (?ms, ?B)
[2026-09-27T22:19:23.381Z] GET http://localhost:8093/metrics → pending (?ms, ?B)
[2026-09-27T22:19:24.380Z] GET http://localhost:8093/metrics → pending (?ms, ?B)
[2026-09-27T22:19:24.381Z] GET http://localhost:8093/state → pending (?ms, ?B)
[2026-09-27T22:19:25.380Z] GET http://localhost:8093/metrics → pending (?ms, ?B)
[2026-09-27T22:19:26.381Z] GET http://localhost:8093/metrics → pending (?ms, ?B)
[2026-09-27T22:19:27.380Z] GET http://localhost:8093/metrics → pending (?ms, ?B)
[2026-09-27T22:19:27.380Z] GET http://localhost:8093/state → pending (?ms, ?B)
[2026-09-27T22:19:28.380Z] GET http://localhost:8093/metrics → pending (?ms, ?B)
[2026-09-27T22:19:29.380Z] GET http://localhost:8093/metrics → pending (?ms, ?B)
[2026-09-27T22:19:30.380Z] GET http://localhost:8093/metrics → pending (?ms, ?B)
[2026-09-27T22:19:30.381Z] GET http://localhost:8093/state → pending (?ms, ?B)
[2026-09-27T22:19:31.380Z] GET http://localhost:8093/metrics → pending (?ms, ?B)
[2026-09-27T22:19:32.380Z] GET http://localhost:8093/metrics → pending (?ms, ?B)
[2026-09-27T22:19:33.381Z] GET http://localhost:8093/metrics → pending (?ms, ?B)
[2026-09-27T22:19:33.381Z] GET http://localhost:8093/state → pending (?ms, ?B)
[2026-09-27T22:19:34.379Z] GET http://localhost:8093/metrics → pending (?ms, ?B)
[2026-09-27T22:19:35.387Z] GET http://localhost:8093/metrics → pending (?ms, ?B)
[2026-09-27T22:19:36.380Z] GET http://localhost:8093/metrics → pending (?ms, ?B)
[2026-09-27T22:19:36.381Z] GET http://localhost:8093/state → pending (?ms, ?B)
[2026-09-27T22:19:37.381Z] GET http://localhost:8093/metrics → pending (?ms, ?B)
[2026-09-27T22:19:38.381Z] GET http://localhost:8093/metrics → pending (?ms, ?B)
[2026-09-27T22:19:39.380Z] GET http://localhost:8093/metrics → pending (?ms, ?B)
[2026-09-27T22:19:39.381Z] GET http://localhost:8093/state → pending (?ms, ?B)
[2026-09-27T22:19:40.381Z] GET http://localhost:8093/metrics → pending (?ms, ?B)
[2026-09-27T22:19:41.384Z] GET http://localhost:8093/metrics → pending (?ms, ?B)
[2026-09-27T22:19:42.380Z] GET http://localhost:8093/metrics → pending (?ms, ?B)
[2026-09-27T22:19:42.381Z] GET http://localhost:8093/state → pending (?ms, ?B)
[2026-09-27T22:19:43.380Z] GET http://localhost:8093/metrics → pending (?ms, ?B)
[2026-09-27T22:19:44.381Z] GET http://localhost:8093/metrics → pending (?ms, ?B)
[2026-09-27T22:19:45.382Z] GET http://localhost:8093/metrics → pending (?ms, ?B)
[2026-09-27T22:19:45.382Z] GET http://localhost:8093/state → pending (?ms, ?B)
[2026-09-27T22:19:46.380Z] GET http://localhost:8093/metrics → pending (?ms, ?B)
[2026-09-27T22:19:47.381Z] GET http://localhost:8093/metrics → pending (?ms, ?B)
[2026-09-27T22:19:48.381Z] GET http://localhost:8093/metrics → pending (?ms, ?B)
[2026-09-27T22:19:48.381Z] GET http://localhost:8093/state → pending (?ms, ?B)
[2026-09-27T22:19:49.381Z] GET http://localhost:8093/metrics → pending (?ms, ?B)
[2026-09-27T22:19:50.380Z] GET http://localhost:8093/metrics → pending (?ms, ?B)
[2026-09-27T22:19:51.380Z] GET http://localhost:8093/metrics → pending (?ms, ?B)
[2026-09-27T22:19:51.381Z] GET http://localhost:8093/state → pending (?ms, ?B)
[2026-09-27T22:19:52.380Z] GET http://localhost:8093/metrics → pending (?ms, ?B)
[2026-09-27T22:19:53.380Z] GET http://localhost:8093/metrics → pending (?ms, ?B)
[2026-09-27T22:19:54.385Z] GET http://localhost:8093/metrics → pending (?ms, ?B)
[2026-09-27T22:19:54.385Z] GET http://localhost:8093/state → pending (?ms, ?B)
[2026-09-27T22:19:55.381Z] GET http://localhost:8093/metrics → pending (?ms, ?B)
[2026-09-27T22:19:56.380Z] GET http://localhost:8093/metrics → pending (?ms, ?B)
[2026-09-27T22:19:57.388Z] GET http://localhost:8093/metrics → pending (?ms, ?B)
[2026-09-27T22:19:57.388Z] GET http://localhost:8093/state → pending (?ms, ?B)
[2026-09-27T22:19:58.381Z] GET http://localhost:8093/metrics → pending (?ms, ?B)
[2026-09-27T22:19:59.381Z] GET http://localhost:8093/metrics → pending (?ms, ?B)
[2026-09-27T22:20:00.382Z] GET http://localhost:8093/metrics → pending (?ms, ?B)
[2026-09-27T22:20:00.382Z] GET http://localhost:8093/state → pending (?ms, ?B)
[2026-09-27T22:20:01.380Z] GET http://localhost:8093/metrics → pending (?ms, ?B)
[2026-09-27T22:20:02.381Z] GET http://localhost:8093/metrics → pending (?ms, ?B)
[2026-09-27T22:20:03.381Z] GET http://localhost:8093/metrics → pending (?ms, ?B)
[2026-09-27T22:20:03.381Z] GET http://localhost:8093/state → pending (?ms, ?B)
[2026-09-27T22:20:04.381Z] GET http://localhost:8093/metrics → pending (?ms, ?B)
[2026-09-27T22:20:05.381Z] GET http://localhost:8093/metrics → pending (?ms, ?B)
[2026-09-27T22:20:06.380Z] GET http://localhost:8093/metrics → pending (?ms, ?B)
[2026-09-27T22:20:06.381Z] GET http://localhost:8093/state → pending (?ms, ?B)
[2026-09-27T22:20:07.380Z] GET http://localhost:8093/metrics → pending (?ms, ?B)
[2026-09-27T22:20:08.381Z] GET http://localhost:8093/metrics → pending (?ms, ?B)
[2026-09-27T22:20:09.381Z] GET http://localhost:8093/metrics → pending (?ms, ?B)
[2026-09-27T22:20:09.381Z] GET http://localhost:8093/state → pending (?ms, ?B)
[2026-09-27T22:20:10.380Z] GET http://localhost:8093/metrics → pending (?ms, ?B)
[2026-09-27T22:20:11.381Z] GET http://localhost:8093/metrics → pending (?ms, ?B)
[2026-09-27T22:20:12.380Z] GET http://localhost:8093/metrics → pending (?ms, ?B)
[2026-09-27T22:20:12.381Z] GET http://localhost:8093/state → pending (?ms, ?B)
[2026-09-27T22:20:13.380Z] GET http://localhost:8093/metrics → pending (?ms, ?B)
[2026-09-27T22:20:14.381Z] GET http://localhost:8093/metrics → pending (?ms, ?B)
[2026-09-27T22:20:15.381Z] GET http://localhost:8093/metrics → pending (?ms, ?B)
[2026-09-27T22:20:15.381Z] GET http://localhost:8093/state → pending (?ms, ?B)
[2026-09-27T22:20:16.380Z] GET http://localhost:8093/metrics → pending (?ms, ?B)
[2026-09-27T22:20:17.382Z] GET http://localhost:8093/metrics → pending (?ms, ?B)
[2026-09-27T22:20:18.382Z] GET http://localhost:8093/metrics → pending (?ms, ?B)
[2026-09-27T22:20:18.382Z] GET http://localhost:8093/state → pending (?ms, ?B)
[2026-09-27T22:20:19.380Z] GET http://localhost:8093/metrics → pending (?ms, ?B)
[2026-09-27T22:20:20.380Z] GET http://localhost:8093/metrics → pending (?ms, ?B)
[2026-09-27T22:20:21.382Z] GET http://localhost:8093/metrics → pending (?ms, ?B)
[2026-09-27T22:20:21.382Z] GET http://localhost:8093/state → pending (?ms, ?B)
[2026-09-27T22:20:22.384Z] GET http://localhost:8093/metrics → pending (?ms, ?B)
[2026-09-27T22:20:23.381Z] GET http://localhost:8093/metrics → pending (?ms, ?B)
[2026-09-27T22:20:24.381Z] GET http://localhost:8093/metrics → pending (?ms, ?B)
[2026-09-27T22:20:24.381Z] GET http://localhost:8093/state → pending (?ms, ?B)
[2026-09-27T22:20:25.385Z] GET http://localhost:8093/metrics → pending (?ms, ?B)
[2026-09-27T22:20:26.380Z] GET http://localhost:8093/metrics → pending (?ms, ?B)
[2026-09-27T22:20:27.380Z] GET http://localhost:8093/metrics → pending (?ms, ?B)
[2026-09-27T22:20:27.380Z] GET http://localhost:8093/state → pending (?ms, ?B)
[2026-09-27T22:20:28.383Z] GET http://localhost:8093/metrics → pending (?ms, ?B)
[2026-09-27T22:20:29.383Z] GET http://localhost:8093/metrics → pending (?ms, ?B)
[2026-09-27T22:20:30.385Z] GET http://localhost:8093/metrics → pending (?ms, ?B)
[2026-09-27T22:20:30.400Z] GET http://localhost:8093/state → pending (?ms, ?B)
[2026-09-27T22:20:31.381Z] GET http://localhost:8093/metrics → pending (?ms, ?B)
[2026-09-27T22:20:32.381Z] GET http://localhost:8093/metrics → pending (?ms, ?B)
[2026-09-27T22:20:33.427Z] GET http://localhost:8093/metrics → pending (?ms, ?B)
[2026-09-27T22:20:33.427Z] GET http://localhost:8093/state → pending (?ms, ?B)
[2026-09-27T22:20:34.381Z] GET http://localhost:8093/metrics → pending (?ms, ?B)
[2026-09-27T22:20:35.388Z] GET http://localhost:8093/metrics → pending (?ms, ?B)
[2026-09-27T22:20:36.381Z] GET http://localhost:8093/metrics → pending (?ms, ?B)
[2026-09-27T22:20:36.382Z] GET http://localhost:8093/state → pending (?ms, ?B)
[2026-09-27T22:20:37.384Z] GET http://localhost:8093/metrics → pending (?ms, ?B)
[2026-09-27T22:20:38.382Z] GET http://localhost:8093/metrics → pending (?ms, ?B)
[2026-09-27T22:20:39.384Z] GET http://localhost:8093/metrics → pending (?ms, ?B)
[2026-09-27T22:20:39.384Z] GET http://localhost:8093/state → pending (?ms, ?B)
[2026-09-27T22:20:40.394Z] GET http://localhost:8093/metrics → pending (?ms, ?B)
[2026-09-27T22:20:41.381Z] GET http://localhost:8093/metrics → pending (?ms, ?B)
[2026-09-27T22:20:42.381Z] GET http://localhost:8093/metrics → pending (?ms, ?B)
[2026-09-27T22:20:42.382Z] GET http://localhost:8093/state → pending (?ms, ?B)
[2026-09-27T22:20:43.381Z] GET http://localhost:8093/metrics → pending (?ms, ?B)
[2026-09-27T22:20:44.379Z] GET http://localhost:8093/metrics → pending (?ms, ?B)
[2026-09-27T22:20:45.384Z] GET http://localhost:8093/metrics → pending (?ms, ?B)
[2026-09-27T22:20:45.384Z] GET http://localhost:8093/state → pending (?ms, ?B)
[2026-09-27T22:20:46.381Z] GET http://localhost:8093/metrics → pending (?ms, ?B)
[2026-09-27T22:20:47.381Z] GET http://localhost:8093/metrics → pending (?ms, ?B)
[2026-09-27T22:20:48.381Z] GET http://localhost:8093/metrics → pending (?ms, ?B)
[2026-09-27T22:20:48.381Z] GET http://localhost:8093/state → pending (?ms, ?B)
[2026-09-27T22:20:49.381Z] GET http://localhost:8093/metrics → pending (?ms, ?B)
[2026-09-27T22:20:50.380Z] GET http://localhost:8093/metrics → pending (?ms, ?B)
[2026-09-27T22:20:51.380Z] GET http://localhost:8093/metrics → pending (?ms, ?B)
[2026-09-27T22:20:51.381Z] GET http://localhost:8093/state → pending (?ms, ?B)
[2026-09-27T22:20:52.382Z] GET http://localhost:8093/metrics → pending (?ms, ?B)
[2026-09-27T22:20:53.382Z] GET http://localhost:8093/metrics → pending (?ms, ?B)
[2026-09-27T22:20:54.381Z] GET http://localhost:8093/metrics → pending (?ms, ?B)
[2026-09-27T22:20:54.381Z] GET http://localhost:8093/state → pending (?ms, ?B)
[2026-09-27T22:20:55.385Z] GET http://localhost:8093/metrics → pending (?ms, ?B)
[2026-09-27T22:20:56.380Z] GET http://localhost:8093/metrics → pending (?ms, ?B)
[2026-09-27T22:20:57.380Z] GET http://localhost:8093/metrics → pending (?ms, ?B)
[2026-09-27T22:20:57.381Z] GET http://localhost:8093/state → pending (?ms, ?B)
[2026-09-27T22:20:58.382Z] GET http://localhost:8093/metrics → pending (?ms, ?B)
[2026-09-27T22:20:59.380Z] GET http://localhost:8093/metrics → pending (?ms, ?B)
[2026-09-27T22:21:00.381Z] GET http://localhost:8093/metrics → pending (?ms, ?B)
[2026-09-27T22:21:00.382Z] GET http://localhost:8093/state → pending (?ms, ?B)
[2026-09-27T22:21:01.381Z] GET http://localhost:8093/metrics → pending (?ms, ?B)
[2026-09-27T22:21:02.381Z] GET http://localhost:8093/metrics → pending (?ms, ?B)
[2026-09-27T22:21:03.387Z] GET http://localhost:8093/metrics → pending (?ms, ?B)
[2026-09-27T22:21:03.387Z] GET http://localhost:8093/state → pending (?ms, ?B)
[2026-09-27T22:21:04.381Z] GET http://localhost:8093/metrics → pending (?ms, ?B)
[2026-09-27T22:21:05.381Z] GET http://localhost:8093/metrics → pending (?ms, ?B)
[2026-09-27T22:21:06.386Z] GET http://localhost:8093/metrics → pending (?ms, ?B)
[2026-09-27T22:21:06.386Z] GET http://localhost:8093/state → pending (?ms, ?B)
[2026-09-27T22:21:07.384Z] GET http://localhost:8093/metrics → pending (?ms, ?B)
[2026-09-27T22:21:08.380Z] GET http://localhost:8093/metrics → pending (?ms, ?B)
[2026-09-27T22:21:09.381Z] GET http://localhost:8093/metrics → pending (?ms, ?B)
[2026-09-27T22:21:09.381Z] GET http://localhost:8093/state → pending (?ms, ?B)
[2026-09-27T22:21:10.388Z] GET http://localhost:8093/metrics → pending (?ms, ?B)
[2026-09-27T22:21:11.381Z] GET http://localhost:8093/metrics → pending (?ms, ?B)
[2026-09-27T22:21:12.381Z] GET http://localhost:8093/metrics → pending (?ms, ?B)
[2026-09-27T22:21:12.382Z] GET http://localhost:8093/state → pending (?ms, ?B)
[2026-09-27T22:21:13.387Z] GET http://localhost:8093/metrics → pending (?ms, ?B)
[2026-09-27T22:21:14.391Z] GET http://localhost:8093/metrics → pending (?ms, ?B)
[2026-09-27T22:21:15.381Z] GET http://localhost:8093/metrics → pending (?ms, ?B)
[2026-09-27T22:21:15.382Z] GET http://localhost:8093/state → pending (?ms, ?B)
[2026-09-27T22:21:16.381Z] GET http://localhost:8093/metrics → pending (?ms, ?B)
[2026-09-27T22:21:17.381Z] GET http://localhost:8093/metrics → pending (?ms, ?B)
[2026-09-27T22:21:18.382Z] GET http://localhost:8093/metrics → pending (?ms, ?B)
[2026-09-27T22:21:18.382Z] GET http://localhost:8093/state → pending (?ms, ?B)
[2026-09-27T22:21:19.384Z] GET http://localhost:8093/metrics → pending (?ms, ?B)
[2026-09-27T22:21:20.390Z] GET http://localhost:8093/metrics → pending (?ms, ?B)
[2026-09-27T22:21:21.380Z] GET http://localhost:8093/metrics → pending (?ms, ?B)
[2026-09-27T22:21:21.381Z] GET http://localhost:8093/state → pending (?ms, ?B)
[2026-09-27T22:21:22.382Z] GET http://localhost:8093/metrics → pending (?ms, ?B)
[2026-09-27T22:21:23.381Z] GET http://localhost:8093/metrics → pending (?ms, ?B)
[2026-09-27T22:21:24.386Z] GET http://localhost:8093/metrics → pending (?ms, ?B)
[2026-09-27T22:21:24.386Z] GET http://localhost:8093/state → pending (?ms, ?B)
[2026-09-27T22:21:25.380Z] GET http://localhost:8093/metrics → pending (?ms, ?B)
[2026-09-27T22:21:26.381Z] GET http://localhost:8093/metrics → pending (?ms, ?B)
[2026-09-27T22:21:27.381Z] GET http://localhost:8093/metrics → pending (?ms, ?B)
[2026-09-27T22:21:27.381Z] GET http://localhost:8093/state → pending (?ms, ?B)
[2026-09-27T22:21:28.381Z] GET http://localhost:8093/metrics → pending (?ms, ?B)
[2026-09-27T22:21:29.382Z] GET http://localhost:8093/metrics → pending (?ms, ?B)
[2026-09-27T22:21:30.383Z] GET http://localhost:8093/metrics → pending (?ms, ?B)
[2026-09-27T22:21:30.383Z] GET http://localhost:8093/state → pending (?ms, ?B)
[2026-09-27T22:21:31.381Z] GET http://localhost:8093/metrics → pending (?ms, ?B)
[2026-09-27T22:21:32.381Z] GET http://localhost:8093/metrics → pending (?ms, ?B)
[2026-09-27T22:21:33.387Z] GET http://localhost:8093/metrics → pending (?ms, ?B)
[2026-09-27T22:21:33.387Z] GET http://localhost:8093/state → pending (?ms, ?B)
[2026-09-27T22:21:34.381Z] GET http://localhost:8093/metrics → pending (?ms, ?B)
[2026-09-27T22:21:35.381Z] GET http://localhost:8093/metrics → pending (?ms, ?B)
[2026-09-27T22:21:36.381Z] GET http://localhost:8093/metrics → pending (?ms, ?B)
[2026-09-27T22:21:36.381Z] GET http://localhost:8093/state → pending (?ms, ?B)
[2026-09-27T22:21:37.381Z] GET http://localhost:8093/metrics → pending (?ms, ?B)
[2026-09-27T22:21:38.384Z] GET http://localhost:8093/metrics → pending (?ms, ?B)
[2026-09-27T22:21:39.383Z] GET http://localhost:8093/metrics → pending (?ms, ?B)
[2026-09-27T22:21:39.383Z] GET http://localhost:8093/state → pending (?ms, ?B)
[2026-09-27T22:21:40.387Z] GET http://localhost:8093/metrics → pending (?ms, ?B)
[2026-09-27T22:21:41.381Z] GET http://localhost:8093/metrics → pending (?ms, ?B)
[2026-09-27T22:21:42.381Z] GET http://localhost:8093/metrics → pending (?ms, ?B)
[2026-09-27T22:21:42.382Z] GET http://localhost:8093/state → pending (?ms, ?B)
[2026-09-27T22:21:43.381Z] GET http://localhost:8093/metrics → pending (?ms, ?B)
[2026-09-27T22:21:44.382Z] GET http://localhost:8093/metrics → pending (?ms, ?B)
[2026-09-27T22:21:45.382Z] GET http://localhost:8093/metrics → pending (?ms, ?B)
[2026-09-27T22:21:45.382Z] GET http://localhost:8093/state → pending (?ms, ?B)
[2026-09-27T22:21:46.382Z] GET http://localhost:8093/metrics → pending (?ms, ?B)
[2026-09-27T22:21:47.382Z] GET http://localhost:8093/metrics → pending (?ms, ?B)
[2026-09-27T22:21:48.383Z] GET http://localhost:8093/metrics → pending (?ms, ?B)
[2026-09-27T22:21:48.383Z] GET http://localhost:8093/state → pending (?ms, ?B)
[2026-09-27T22:21:49.383Z] GET http://localhost:8093/metrics → pending (?ms, ?B)
[2026-09-27T22:21:50.383Z] GET http://localhost:8093/metrics → pending (?ms, ?B)
[2026-09-27T22:21:51.389Z] GET http://localhost:8093/metrics → pending (?ms, ?B)
[2026-09-27T22:21:51.389Z] GET http://localhost:8093/state → pending (?ms, ?B)
[2026-09-27T22:21:52.381Z] GET http://localhost:8093/metrics → pending (?ms, ?B)
[2026-09-27T22:21:53.382Z] GET http://localhost:8093/metrics → pending (?ms, ?B)
[2026-09-27T22:21:54.387Z] GET http://localhost:8093/metrics → pending (?ms, ?B)
[2026-09-27T22:21:54.387Z] GET http://localhost:8093/state → pending (?ms, ?B)
[2026-09-27T22:21:55.382Z] GET http://localhost:8093/metrics → pending (?ms, ?B)
[2026-09-27T22:21:56.384Z] GET http://localhost:8093/metrics → pending (?ms, ?B)
[2026-09-27T22:21:57.382Z] GET http://localhost:8093/metrics → pending (?ms, ?B)
[2026-09-27T22:21:57.382Z] GET http://localhost:8093/state → pending (?ms, ?B)
[2026-09-27T22:21:58.384Z] GET http://localhost:8093/metrics → pending (?ms, ?B)
[2026-09-27T22:21:59.384Z] GET http://localhost:8093/metrics → pending (?ms, ?B)
[2026-09-27T22:22:00.381Z] GET http://localhost:8093/metrics → pending (?ms, ?B)
[2026-09-27T22:22:00.382Z] GET http://localhost:8093/state → pending (?ms, ?B)
[2026-09-27T22:22:01.389Z] GET http://localhost:8093/metrics → pending (?ms, ?B)
[2026-09-27T22:22:02.382Z] GET http://localhost:8093/metrics → pending (?ms, ?B)
[2026-09-27T22:22:03.383Z] GET http://localhost:8093/metrics → pending (?ms, ?B)
[2026-09-27T22:22:03.383Z] GET http://localhost:8093/state → pending (?ms, ?B)
[2026-09-27T22:22:04.381Z] GET http://localhost:8093/metrics → pending (?ms, ?B)
[2026-09-27T22:22:05.381Z] GET http://localhost:8093/metrics → pending (?ms, ?B)
[2026-09-27T22:22:06.388Z] GET http://localhost:8093/metrics → pending (?ms, ?B)
[2026-09-27T22:22:06.388Z] GET http://localhost:8093/state → pending (?ms, ?B)
[2026-09-27T22:22:07.381Z] GET http://localhost:8093/metrics → pending (?ms, ?B)
[2026-09-27T22:22:08.382Z] GET http://localhost:8093/metrics → pending (?ms, ?B)
[2026-09-27T22:22:09.410Z] GET http://localhost:8093/metrics → pending (?ms, ?B)
[2026-09-27T22:22:09.410Z] GET http://localhost:8093/state → pending (?ms, ?B)
[2026-09-27T22:22:10.382Z] GET http://localhost:8093/metrics → pending (?ms, ?B)
[2026-09-27T22:22:11.382Z] GET http://localhost:8093/metrics → pending (?ms, ?B)
[2026-09-27T22:22:12.381Z] GET http://localhost:8093/metrics → pending (?ms, ?B)
[2026-09-27T22:22:12.381Z] GET http://localhost:8093/state → pending (?ms, ?B)
[2026-09-27T22:22:13.382Z] GET http://localhost:8093/metrics → pending (?ms, ?B)
[2026-09-27T22:22:14.382Z] GET http://localhost:8093/metrics → pending (?ms, ?B)
[2026-09-27T22:22:15.380Z] GET http://localhost:8093/metrics → pending (?ms, ?B)
[2026-09-27T22:22:15.381Z] GET http://localhost:8093/state → pending (?ms, ?B)
[2026-09-27T22:22:16.392Z] GET http://localhost:8093/metrics → pending (?ms, ?B)
[2026-09-27T22:22:17.381Z] GET http://localhost:8093/metrics → pending (?ms, ?B)
[2026-09-27T22:22:18.382Z] GET http://localhost:8093/metrics → pending (?ms, ?B)
[2026-09-27T22:22:18.382Z] GET http://localhost:8093/state → pending (?ms, ?B)
[2026-09-27T22:22:19.387Z] GET http://localhost:8093/metrics → pending (?ms, ?B)
[2026-09-27T22:22:20.383Z] GET http://localhost:8093/metrics → pending (?ms, ?B)
[2026-09-27T22:22:21.383Z] GET http://localhost:8093/metrics → pending (?ms, ?B)
[2026-09-27T22:22:21.385Z] GET http://localhost:8093/state → pending (?ms, ?B)
[2026-09-27T22:22:22.385Z] GET http://localhost:8093/metrics → pending (?ms, ?B)
[2026-09-27T22:22:23.386Z] GET http://localhost:8093/metrics → pending (?ms, ?B)
[2026-09-27T22:22:24.386Z] GET http://localhost:8093/metrics → pending (?ms, ?B)
[2026-09-27T22:22:24.387Z] GET http://localhost:8093/state → pending (?ms, ?B)
[2026-09-27T22:22:25.383Z] GET http://localhost:8093/metrics → pending (?ms, ?B)
[2026-09-27T22:22:26.383Z] GET http://localhost:8093/metrics → pending (?ms, ?B)
[2026-09-27T22:22:27.384Z] GET http://localhost:8093/metrics → pending (?ms, ?B)
[2026-09-27T22:22:27.387Z] GET http://localhost:8093/state → pending (?ms, ?B)
[2026-09-27T22:22:28.384Z] GET http://localhost:8093/metrics → pending (?ms, ?B)
[2026-09-27T22:22:29.385Z] GET http://localhost:8093/metrics → pending (?ms, ?B)
[2026-09-27T22:22:30.382Z] GET http://localhost:8093/metrics → pending (?ms, ?B)
[2026-09-27T22:22:30.385Z] GET http://localhost:8093/state → pending (?ms, ?B)
[2026-09-27T22:22:31.384Z] GET http://localhost:8093/metrics → pending (?ms, ?B)
[2026-09-27T22:22:32.385Z] GET http://localhost:8093/metrics → pending (?ms, ?B)
[2026-09-27T22:22:33.383Z] GET http://localhost:8093/metrics → pending (?ms, ?B)
[2026-09-27T22:22:33.383Z] GET http://localhost:8093/state → pending (?ms, ?B)
[2026-09-27T22:22:34.396Z] GET http://localhost:8093/metrics → pending (?ms, ?B)
[2026-09-27T22:22:35.383Z] GET http://localhost:8093/metrics → pending (?ms, ?B)
[2026-09-27T22:22:36.383Z] GET http://localhost:8093/metrics → pending (?ms, ?B)
[2026-09-27T22:22:36.383Z] GET http://localhost:8093/state → pending (?ms, ?B)
[2026-09-27T22:22:37.384Z] GET http://localhost:8093/metrics → pending (?ms, ?B)
[2026-09-27T22:22:38.384Z] GET http://localhost:8093/metrics → pending (?ms, ?B)
[2026-09-27T22:22:39.386Z] GET http://localhost:8093/metrics → pending (?ms, ?B)
[2026-09-27T22:22:39.387Z] GET http://localhost:8093/state → pending (?ms, ?B)
[2026-09-27T22:22:40.388Z] GET http://localhost:8093/metrics → pending (?ms, ?B)
[2026-09-27T22:22:41.384Z] GET http://localhost:8093/metrics → pending (?ms, ?B)
[2026-09-27T22:22:42.385Z] GET http://localhost:8093/metrics → pending (?ms, ?B)
[2026-09-27T22:22:42.386Z] GET http://localhost:8093/state → pending (?ms, ?B)
[2026-09-27T22:22:43.383Z] GET http://localhost:8093/metrics → pending (?ms, ?B)
[2026-09-27T22:22:44.385Z] GET http://localhost:8093/metrics → pending (?ms, ?B)
[2026-09-27T22:22:45.383Z] GET http://localhost:8093/metrics → pending (?ms, ?B)
[2026-09-27T22:22:45.385Z] GET http://localhost:8093/state → pending (?ms, ?B)
[2026-09-27T22:22:46.384Z] GET http://localhost:8093/metrics → pending (?ms, ?B)
[2026-09-27T22:22:47.383Z] GET http://localhost:8093/metrics → pending (?ms, ?B)
[2026-09-27T22:22:48.383Z] GET http://localhost:8093/metrics → pending (?ms, ?B)
[2026-09-27T22:22:48.385Z] GET http://localhost:8093/state → pending (?ms, ?B)
[2026-09-27T22:22:49.382Z] GET http://localhost:8093/metrics → pending (?ms, ?B)
[2026-09-27T22:22:50.384Z] GET http://localhost:8093/metrics → pending (?ms, ?B)
[2026-09-27T22:22:51.381Z] GET http://localhost:8093/metrics → pending (?ms, ?B)
[2026-09-27T22:22:51.381Z] GET http://localhost:8093/state → pending (?ms, ?B)
[2026-09-27T22:22:52.380Z] GET http://localhost:8093/metrics → pending (?ms, ?B)
[2026-09-27T22:22:53.381Z] GET http://localhost:8093/metrics → pending (?ms, ?B)
[2026-09-27T22:22:54.386Z] GET http://localhost:8093/metrics → pending (?ms, ?B)
[2026-09-27T22:22:54.386Z] GET http://localhost:8093/state → pending (?ms, ?B)
[2026-09-27T22:22:55.381Z] GET http://localhost:8093/metrics → pending (?ms, ?B)
[2026-09-27T22:22:56.381Z] GET http://localhost:8093/metrics → pending (?ms, ?B)
[2026-09-27T22:22:57.382Z] GET http://localhost:8093/metrics → pending (?ms, ?B)
[2026-09-27T22:22:57.382Z] GET http://localhost:8093/state → pending (?ms, ?B)
[2026-09-27T22:22:58.381Z] GET http://localhost:8093/metrics → pending (?ms, ?B)
[2026-09-27T22:22:59.382Z] GET http://localhost:8093/metrics → pending (?ms, ?B)
[2026-09-27T22:23:00.391Z] GET http://localhost:8093/metrics → pending (?ms, ?B)
[2026-09-27T22:23:00.391Z] GET http://localhost:8093/state → pending (?ms, ?B)
[2026-09-27T22:23:01.382Z] GET http://localhost:8093/metrics → pending (?ms, ?B)
[2026-09-27T22:23:02.384Z] GET http://localhost:8093/metrics → pending (?ms, ?B)
[2026-09-27T22:23:03.382Z] GET http://localhost:8093/metrics → pending (?ms, ?B)
[2026-09-27T22:23:03.382Z] GET http://localhost:8093/state → pending (?ms, ?B)
[2026-09-27T22:23:04.383Z] GET http://localhost:8093/metrics → pending (?ms, ?B)
[2026-09-27T22:23:05.381Z] GET http://localhost:8093/metrics → pending (?ms, ?B)
[2026-09-27T22:23:06.383Z] GET http://localhost:8093/metrics → pending (?ms, ?B)
[2026-09-27T22:23:06.383Z] GET http://localhost:8093/state → pending (?ms, ?B)
[2026-09-27T22:23:07.384Z] GET http://localhost:8093/metrics → pending (?ms, ?B)
[2026-09-27T22:23:08.382Z] GET http://localhost:8093/metrics → pending (?ms, ?B)
[2026-09-27T22:23:09.389Z] GET http://localhost:8093/metrics → pending (?ms, ?B)
[2026-09-27T22:23:09.389Z] GET http://localhost:8093/state → pending (?ms, ?B)
[2026-09-27T22:23:10.391Z] GET http://localhost:8093/metrics → pending (?ms, ?B)
[2026-09-27T22:23:11.393Z] GET http://localhost:8093/metrics → pending (?ms, ?B)
[2026-09-27T22:23:12.381Z] GET http://localhost:8093/metrics → pending (?ms, ?B)
[2026-09-27T22:23:12.382Z] GET http://localhost:8093/state → pending (?ms, ?B)
[2026-09-27T22:23:13.381Z] GET http://localhost:8093/metrics → pending (?ms, ?B)
[2026-09-27T22:23:14.386Z] GET http://localhost:8093/metrics → pending (?ms, ?B)
[2026-09-27T22:23:15.383Z] GET http://localhost:8093/metrics → pending (?ms, ?B)
[2026-09-27T22:23:15.383Z] GET http://localhost:8093/state → pending (?ms, ?B)
[2026-09-27T22:23:16.382Z] GET http://localhost:8093/metrics → pending (?ms, ?B)
[2026-09-27T22:23:17.388Z] GET http://localhost:8093/metrics → pending (?ms, ?B)
[2026-09-27T22:23:18.383Z] GET http://localhost:8093/metrics → pending (?ms, ?B)
[2026-09-27T22:23:18.383Z] GET http://localhost:8093/state → pending (?ms, ?B)
[2026-09-27T22:23:19.381Z] GET http://localhost:8093/metrics → pending (?ms, ?B)
[2026-09-27T22:23:20.387Z] GET http://localhost:8093/metrics → pending (?ms, ?B)
[2026-09-27T22:23:21.382Z] GET http://localhost:8093/metrics → pending (?ms, ?B)
[2026-09-27T22:23:21.383Z] GET http://localhost:8093/state → pending (?ms, ?B)
[2026-09-27T22:23:22.382Z] GET http://localhost:8093/metrics → pending (?ms, ?B)
[2026-09-27T22:23:23.381Z] GET http://localhost:8093/metrics → pending (?ms, ?B)
[2026-09-27T22:23:24.381Z] GET http://localhost:8093/metrics → pending (?ms, ?B)
[2026-09-27T22:23:24.382Z] GET http://localhost:8093/state → pending (?ms, ?B)
[2026-09-27T22:23:25.382Z] GET http://localhost:8093/metrics → pending (?ms, ?B)
[2026-09-27T22:23:26.420Z] GET http://localhost:8093/metrics → pending (?ms, ?B)
[2026-09-27T22:23:27.385Z] GET http://localhost:8093/metrics → pending (?ms, ?B)
[2026-09-27T22:23:27.385Z] GET http://localhost:8093/state → pending (?ms, ?B)
[2026-09-27T22:23:28.387Z] GET http://localhost:8093/metrics → pending (?ms, ?B)
[2026-09-27T22:23:29.382Z] GET http://localhost:8093/metrics → pending (?ms, ?B)
[2026-09-27T22:23:30.385Z] GET http://localhost:8093/metrics → pending (?ms, ?B)
[2026-09-27T22:23:30.385Z] GET http://localhost:8093/state → pending (?ms, ?B)
[2026-09-27T22:23:31.381Z] GET http://localhost:8093/metrics → pending (?ms, ?B)
[2026-09-27T22:23:32.381Z] GET http://localhost:8093/metrics → pending (?ms, ?B)
[2026-09-27T22:23:33.381Z] GET http://localhost:8093/metrics → pending (?ms, ?B)
[2026-09-27T22:23:33.382Z] GET http://localhost:8093/state → pending (?ms, ?B)
[2026-09-27T22:23:34.381Z] GET http://localhost:8093/metrics → pending (?ms, ?B)
[2026-09-27T22:23:35.387Z] GET http://localhost:8093/metrics → pending (?ms, ?B)
[2026-09-27T22:23:36.398Z] GET http://localhost:8093/metrics → pending (?ms, ?B)
[2026-09-27T22:23:36.398Z] GET http://localhost:8093/state → pending (?ms, ?B)
[2026-09-27T22:23:37.386Z] GET http://localhost:8093/metrics → pending (?ms, ?B)
[2026-09-27T22:23:38.382Z] GET http://localhost:8093/metrics → pending (?ms, ?B)
[2026-09-27T22:23:39.383Z] GET http://localhost:8093/metrics → pending (?ms, ?B)
[2026-09-27T22:23:39.383Z] GET http://localhost:8093/state → pending (?ms, ?B)
[2026-09-27T22:23:40.382Z] GET http://localhost:8093/metrics → pending (?ms, ?B)
[2026-09-27T22:23:41.383Z] GET http://localhost:8093/metrics → pending (?ms, ?B)
[2026-09-27T22:23:42.383Z] GET http://localhost:8093/metrics → pending (?ms, ?B)
[2026-09-27T22:23:42.383Z] GET http://localhost:8093/state → pending (?ms, ?B)
[2026-09-27T22:23:43.383Z] GET http://localhost:8093/metrics → pending (?ms, ?B)
[2026-09-27T22:23:44.381Z] GET http://localhost:8093/metrics → pending (?ms, ?B)
[2026-09-27T22:23:45.395Z] GET http://localhost:8093/metrics → pending (?ms, ?B)
[2026-09-27T22:23:45.395Z] GET http://localhost:8093/state → pending (?ms, ?B)
[2026-09-27T22:23:46.384Z] GET http://localhost:8093/metrics → pending (?ms, ?B)
[2026-09-27T22:23:47.382Z] GET http://localhost:8093/metrics → pending (?ms, ?B)
[2026-09-27T22:23:48.381Z] GET http://localhost:8093/metrics → pending (?ms, ?B)
[2026-09-27T22:23:48.381Z] GET http://localhost:8093/state → pending (?ms, ?B)
[2026-09-27T22:23:49.382Z] GET http://localhost:8093/metrics → pending (?ms, ?B)
[2026-09-27T22:23:50.382Z] GET http://localhost:8093/metrics → pending (?ms, ?B)
[2026-09-27T22:23:51.383Z] GET http://localhost:8093/metrics → pending (?ms, ?B)
[2026-09-27T22:23:51.384Z] GET http://localhost:8093/state → pending (?ms, ?B)
[2026-09-27T22:23:52.383Z] GET http://localhost:8093/metrics → pending (?ms, ?B)
[2026-09-27T22:23:53.383Z] GET http://localhost:8093/metrics → pending (?ms, ?B)
[2026-09-27T22:23:54.381Z] GET http://localhost:8093/metrics → pending (?ms, ?B)
[2026-09-27T22:23:54.382Z] GET http://localhost:8093/state → pending (?ms, ?B)
[2026-09-27T22:23:55.382Z] GET http://localhost:8093/metrics → pending (?ms, ?B)
[2026-09-27T22:23:56.388Z] GET http://localhost:8093/metrics → pending (?ms, ?B)
[2026-09-27T22:23:57.384Z] GET http://localhost:8093/metrics → pending (?ms, ?B)
[2026-09-27T22:23:57.384Z] GET http://localhost:8093/state → pending (?ms, ?B)
[2026-09-27T22:23:58.384Z] GET http://localhost:8093/metrics → pending (?ms, ?B)
[2026-09-27T22:23:59.397Z] GET http://localhost:8093/metrics → pending (?ms, ?B)
[2026-09-27T22:24:00.391Z] GET http://localhost:8093/metrics → pending (?ms, ?B)
[2026-09-27T22:24:00.391Z] GET http://localhost:8093/state → pending (?ms, ?B)
[2026-09-27T22:24:01.389Z] GET http://localhost:8093/metrics → pending (?ms, ?B)
[2026-09-27T22:24:02.384Z] GET http://localhost:8093/metrics → pending (?ms, ?B)
[2026-09-27T22:24:03.381Z] GET http://localhost:8093/metrics → pending (?ms, ?B)
[2026-09-27T22:24:03.383Z] GET http://localhost:8093/state → pending (?ms, ?B)
[2026-09-27T22:24:04.381Z] GET http://localhost:8093/metrics → pending (?ms, ?B)
[2026-09-27T22:24:05.382Z] GET http://localhost:8093/metrics → pending (?ms, ?B)
[2026-09-27T22:24:06.383Z] GET http://localhost:8093/metrics → pending (?ms, ?B)
[2026-09-27T22:24:06.383Z] GET http://localhost:8093/state → pending (?ms, ?B)
[2026-09-27T22:24:07.382Z] GET http://localhost:8093/metrics → pending (?ms, ?B)
[2026-09-27T22:24:08.388Z] GET http://localhost:8093/metrics → pending (?ms, ?B)
[2026-09-27T22:24:09.396Z] GET http://localhost:8093/metrics → pending (?ms, ?B)
[2026-09-27T22:24:09.396Z] GET http://localhost:8093/state → pending (?ms, ?B)
[2026-09-27T22:24:10.383Z] GET http://localhost:8093/metrics → pending (?ms, ?B)
[2026-09-27T22:24:11.386Z] GET http://localhost:8093/metrics → pending (?ms, ?B)
[2026-09-27T22:24:12.385Z] GET http://localhost:8093/metrics → pending (?ms, ?B)
[2026-09-27T22:24:12.385Z] GET http://localhost:8093/state → pending (?ms, ?B)
[2026-09-27T22:24:13.381Z] GET http://localhost:8093/metrics → pending (?ms, ?B)
[2026-09-27T22:24:14.382Z] GET http://localhost:8093/metrics → pending (?ms, ?B)
[2026-09-27T22:24:15.384Z] GET http://localhost:8093/metrics → pending (?ms, ?B)
[2026-09-27T22:24:15.384Z] GET http://localhost:8093/state → pending (?ms, ?B)
[2026-09-27T22:24:16.381Z] GET http://localhost:8093/metrics → pending (?ms, ?B)
